gene type,max tokenized length,min tokenized length
BIRC2,776,315
GBX2,356,221
ZNF550,517,228
ZNF852,684,322
SUMO1,181,60
CEBPB,358,225
RREB1,2175,913
IER2,218,142
ZNF134,761,253
TAL1,316,205
RECQL5,1192,582
FOXR1,369,172
CERS5,478,197
ID1,155,100
ZNF623,577,291
NKX3-1,265,98
CHEK1,604,221
CGGBP1,158,99
ALX1,386,194
PROX2,754,356
CRIP1,101,47
ZNF184,836,437
DVL2,928,440
VGLL1,344,158
LCORL,1804,306
LMO2,238,97
CHRAC1,154,80
CUL5,969,443
JRK,569,341
PTF1A,417,211
VENTX,389,158
TIGD4,357,294
ZNF32,321,160
TIPARP,673,381
DDX1,887,388
ZBTB32,657,297
FOXO1,752,404
ZC3H18,1211,585
BHLHA15,225,124
ENY2,123,54
WT1,644,174
ATF7,600,289
NOC4L,615,308
TOPORS,880,587
GLI3,1994,925
TFAP2B,567,280
PABPC1L,771,376
ZFP1,483,218
FOXD1,515,306
ESX1,572,258
DNAJB1,438,164
ZFPL1,376,187
ANKRD49,298,142
IRF2BP2,686,357
ACTR8,770,299
ZNF331,612,274
PCBP4,495,197
MYOCD,1238,555
CBFB,231,117
ZNF385A,440,186
GTF3C1,2602,1277
FEZF2,535,287
ZNF567,819,335
ZNF865,1247,683
USF3,2104,49
ZNF426,736,300
PRDM11,1329,715
PIK3R2,918,453
XBP1,454,131
SAP130,1349,631
ZNF614,848,343
SMAD5,484,275
IKZF4,690,330
ESRRA,608,252
RNF113A,386,211
PARP10,1311,634
MAP2K1,481,235
ZNF496,719,357
HOXC12,315,185
ZNF479,788,303
MBD3,348,146
SRSF2,278,133
ARID3B,704,342
PINK1,690,359
BTBD3,662,275
NEDD4L,1477,500
CDC45,764,309
SAP30,243,136
ZFP37,839,367
RAPGEF5,1096,426
TFCP2L1,566,287
TET2,2576,1185
ZNF705G,400,173
RNF138,302,144
HOXD4,279,158
BPNT1,379,149
NAIF1,261,202
SOX10,569,289
ZAR1,559,277
KDM5B,1935,880
ESRRG,591,234
ZNF229,1038,485
MBD5,2143,888
MXD1,277,126
CIDEA,264,130
NKX1-2,409,203
PELP1,1457,546
ZNF490,678,315
HSPA1A,534,390
TRIB1,474,228
BOLA1,173,87
TNRC6A,2172,1146
OTX1,430,222
TBXT,544,227
PCBP2,451,193
ZNF337,964,452
HMX2,246,172
TNRC18,3789,1881
ZNF561,777,55
UNK,1056,495
ZNF324B,713,343
ZNF420,840,391
IKZF2,589,294
ZNF276,779,263
NCS1,239,105
GRHPR,416,194
SMAD3,540,239
SQSTM1,509,217
SSB,487,242
PAF1,657,287
VEGFA,501,98
NFKB1,1127,476
RAP2C,138,110
BANP,673,286
MKRN1,585,252
TRIM28,1009,466
KDM5D,1912,905
NHLH1,142,83
H3-3A,178,76
PRDM8,878,433
POU5F2,358,200
TRIT1,540,231
RASSF7,452,192
RAPGEF3,1161,369
RC3H2,1446,636
AKNA,1832,510
NFATC2IP,536,257
LHX6,505,215
OVOL3,249,119
ZNF705A,395,173
BHLHE40,503,247
ZNF695,681,298
HOXA11,400,204
MTERF3,452,170
HELZ,2345,1167
SMARCD1,624,286
PAX6,544,235
BRF2,528,257
ZNF182,808,353
PRAMEF19,637,289
CUL3,888,419
LMO4,186,104
CEBPD,361,174
SSU72,248,120
ZNF556,593,275
ZNF764,538,248
ZNF132,914,423
HNRNPC,386,148
LDB2,459,188
EZH1,893,403
ZNF300,759,331
SLC4A10,1367,621
SMYD2,529,268
DMC1,428,172
HEY2,348,172
CERS3,472,225
ZNF625,576,215
ZNF417,1048,338
ATF1,334,166
H2AZ2,174,71
TFAP2D,556,269
SNAI1,343,160
ZNF84,893,428
SOX21,374,176
RIT2,252,129
BATF,131,75
HEXIM1,399,228
ZNF34,749,322
TIGD2,369,307
TRIM40,337,135
HIF1AN,419,210
ZBTB34,343,301
SIN3B,1429,220
PRAMEF6,628,285
FOXI3,509,262
SNAPC1,460,215
PRDM4,879,477
CREBBP,3007,1467
TRIM24,1292,608
DCAF6,1196,508
MEFV,1002,344
HSF1,678,313
DISP3,1756,862
NR1H4,597,248
ZFP62,1027,500
ERF,560,290
C6orf89,466,141
ZSCAN32,859,413
ING4,317,132
TXLNG,658,324
CIPC,500,235
NR4A1,727,361
ALYREF,329,167
HOXA1,252,209
GNL3,677,315
RARG,570,230
C1QBP,371,175
ZUP1,691,335
SIAH1,354,175
RNF10,1014,489
ZNF641,544,248
RAF1,838,392
NEDD8,90,49
ZNF473,1113,510
PIDD1,1104,547
DMAP1,579,284
ZIC3,578,291
ZNF225,942,56
HSBP1L1,105,44
FOXD4L3,550,261
JARID2,1537,656
ZNF532,1630,777
ZNF830,347,224
CD36,593,230
ZNF700,1290,410
ATF7IP,1680,648
ZNF582,958,302
ZNF880,1092,346
RNF144A,365,173
WNT8B,382,217
LPIN1,1188,535
EBF3,795,340
RBM10,1240,518
ZNF280B,479,320
MID2,871,417
ZC3H12A,765,365
IRAK2,786,377
ZC3HAV1,1172,539
DMRTA1,513,303
CSNK2A2,422,181
FOS,482,208
PSMC3,500,236
DUX4,310,271
DBX2,377,207
TRMT1,840,389
ANP32B,319,146
DMRTC1B,266,113
HDGF,349,144
TRIM13,447,243
SALL1,1270,746
SENP2,716,346
NUDT5,285,110
NR3C1,943,436
PIAS3,735,353
LARP1B,1420,552
BRCA2,4168,1986
HOXB6,274,140
ZBTB38,1120,711
CARHSP1,136,91
ZNF212,624,297
PLXNB2,2299,1121
MECP2,617,294
RLIM,747,374
ZNF676,800,328
GTF2A2,128,64
ZNF444,400,217
RNF6,716,414
ZNF699,927,369
CRAMP1,1578,791
NFIX,643,253
HNRNPAB,389,168
KCNIP3,323,139
ZNF737,705,302
HMG20B,411,194
CITED1,249,117
ZMYM2,1669,798
RBM27,1293,622
ZKSCAN3,691,319
ZNF768,701,315
ZNF787,384,241
MYBL2,864,408
MLLT1,694,352
TFDP3,266,243
TRADD,350,157
ZNF629,931,530
SMARCA2,1941,911
EYA1,757,333
PHTF1,964,375
LEUTX,259,103
EP300,2766,1440
TGIF1,305,149
SLTM,1273,616
PRKDC,5031,2436
MRPL28,316,156
PIKFYVE,2436,1237
BLZF1,447,235
TOX3,747,340
TBX1,664,244
ZC3H14,979,167
FOXA2,552,281
KLHL42,518,311
UIMC1,885,321
RNF103,815,403
FOXJ2,735,321
BHLHE22,485,249
PLK1,703,370
CREG1,329,138
MATR3,976,470
PSMC5,469,243
RUNX2,700,298
RGS9,855,374
SFR1,302,133
ITCH,1133,448
ANP32D,224,80
HNF1A,822,332
TADA1,399,197
TRIM15,566,241
TMF1,1361,572
ZKSCAN5,1054,506
PIH1D1,339,174
ZNF138,617,166
ZMYM4,1888,916
ZNF781,586,184
EN1,412,257
PRDX5,277,132
HMGN2,115,55
RNASE2,197,97
MEIOSIN,809,384
SMARCA4,2146,987
ZYX,723,255
ZNF214,640,352
ZDHHC11,536,258
AATF,693,303
ZNF442,1174,322
ZNF670,491,222
EEF1A1,578,222
ZNF503,685,414
OPTN,721,335
PRAMEF13,810,138
GSX1,399,170
VSX2,396,223
TAF1L,1135,1099
LTF,887,399
MEF2A,631,263
DUS3L,828,252
TRAPPC2,225,64
BUD31,182,85
HOXA7,242,147
KRBA1,1398,601
NRIP2,381,171
PAGR1,326,159
ZBP1,538,151
RARA,602,280
FOSL1,345,145
CCNA1,668,250
HOXD8,321,63
MMS19,1173,556
PQBP1,319,160
TACC1,967,230
MEGF8,3575,267
NRK,1975,948
ZRSR2,611,287
TRIM22,639,290
ANKZF1,907,439
PRDM2,1580,876
ZFP64,844,387
NR1H2,521,256
CDY1,622,311
POU3F1,453,291
ZNF584,609,228
USP47,1671,753
JRKL,378,306
ZNF280D,1268,556
SMAD9,597,254
BCLAF3,883,401
ZNF618,1196,530
LTN1,2234,1024
ASH2L,770,315
ZIC5,824,425
BMI1,366,193
ZXDC,1125,440
PLXNA3,2303,1145
ZNF223,665,52
FOXD4L5,541,261
ZNF362,529,260
CDK5RAP3,671,310
MYOD1,421,208
ZNF706,98,46
AKT2,585,267
ZNF836,1229,553
ZNF534,1251,396
CSRP1,232,97
ZNF177,609,183
PRMT3,655,275
UBE2N,201,91
ZNF518A,1140,879
ZNF345,621,285
ACTN4,1149,557
ZNF513,531,297
HEATR1,2630,1210
HDAC8,524,186
BAHCC1,3324,1638
ZNF721,1858,506
ZNF660,417,190
NUP107,1139,528
CENPB,704,370
DMRT2,646,141
ILK,579,243
SIM1,959,467
CHAMP1,676,480
MUC1,1586,99
GATAD1,334,162
RIOX2,581,276
HSF2BP,442,200
NKX2-3,460,184
ZNF791,782,327
BTG1,154,104
TFCP2,627,252
MAFB,270,200
ZNF71,714,291
ZHX3,1054,579
MORF4L1,450,155
TBR1,791,433
RFX7,1774,766
FRK,610,298
ETV5,621,309
KMT2B,3369,1667
FOXK2,873,414
CIITA,1417,676
CRTC1,828,363
NFRKB,1617,787
PTEN,492,234
LRPPRC,1770,755
AEBP1,1487,729
NR2F6,522,260
NME2,199,91
MED12,2652,1234
IL16,1683,804
MSANTD1,325,162
ARGLU1,307,169
ZNF524,254,166
SETD7,465,222
JUND,383,230
ZNF716,638,285
TRIM4,632,289
MBD3L2,275,128
ASF1B,230,99
MYCL,433,229
ZNF140,630,271
RPAP2,731,353
SPI1,340,150
GCFC2,964,447
MED8,367,159
ELK4,504,235
ZNF233,890,386
DSP,3748,1361
COMMD3,244,116
GTF2H3,395,159
MYT1L,1519,676
ZNF608,1888,909
ONECUT1,569,292
ZNF283,866,380
DDN,896,448
PADI2,854,399
PHF12,1256,512
NOTCH3,2936,1435
DDIT3,226,101
MPHOSPH8,1024,507
ZNF594,979,469
ZNF749,1004,462
SND1,1152,551
ZNF879,719,321
RUVBL1,585,275
SUDS3,409,198
NR1I2,586,239
MIER1,672,219
CDX1,342,170
TRIP4,700,338
TRIM32,509,397
ZBTB46,751,359
ISL1,433,199
KLF16,248,165
SSX2,296,114
SIX6,293,150
NR2E1,519,231
TNNI2,232,107
GATAD2A,794,392
UBE2D1,181,88
RCOR3,675,267
INF2,1626,751
CBX8,483,239
ETV3L,449,217
KDM1A,1063,517
PRKD2,1118,440
ZNF19,585,227
SUPT20H,964,426
MED25,971,453
BARHL1,400,202
TBX19,554,269
ATXN7,1188,445
GTF2H5,103,44
ZNF285,789,343
PBX1,546,199
TCF20,2110,152
PADI4,849,395
PHF14,1146,532
ZBED9,1281,694
ZNF592,1518,764
MBD3L4,262,128
ZNF710,858,412
JUNB,295,222
SPEN,3854,2216
ARHGEF5,2095,968
BRD9,751,325
ZNF146,323,170
CDK8,576,280
SON,2338,1293
THAP6,236,103
SDR16C5,404,155
ZNF235,959,49
DEPDC4,612,172
NFKBIE,643,217
COMMD5,160,135
BATF3,162,79
MGA,3815,1700
RAG1,769,615
SSX4,280,93
PDS5B,1804,848
KLF10,518,276
RYBP,242,129
SMURF2,922,445
OTOP3,718,355
GCM1,521,253
ZSCAN22,632,295
PKHD1,4906,2023
FHOD1,1473,713
TSC22D3,256,65
PMF1,266,108
MED23,1634,810
NACC1,608,330
IRF9,495,218
TRIM34,574,284
NFE2L3,764,426
DEPTOR,521,248
BEND6,349,160
HAND1,227,134
SOX9,551,325
LRRC14,584,295
SP8,610,302
ZBTB40,1529,671
SUFU,602,262
CCDC62,845,275
ZFY,1005,436
RPS6KA1,921,392
LMX1A,446,229
TCP10L,288,56
GRHL1,767,369
SLC6A3,776,373
ARID2,2244,1090
SKIL,801,376
OLIG2,422,209
ZNF639,530,280
NKX2-5,310,208
ZNF585A,961,415
ZNF778,981,403
ACTN2,1140,509
ZNF343,762,308
PRMT5,668,348
EGLN1,517,272
DPF1,519,203
ZNF727,933,288
USP39,697,279
ARNTL2,790,317
ZNF454,685,310
ZNF689,657,305
NCOA6,2558,592
ZNF202,742,385
TERF1,558,224
PPP2CA,390,184
NACA,2652,124
RITA1,373,163
HOXC6,193,97
TFB2M,502,236
PRKN,586,262
FIGLA,277,132
VDR,575,257
ITGB3BP,279,103
GSC,299,165
MED14,1807,871
ZNF28,1378,393
SERTAD3,140,116
CHMP3,283,112
KLHL8,761,327
ARNTL,761,350
ICE1,2687,1356
ELANE,349,166
ZNF98,742,325
ZNF77,729,318
GMNN,266,121
ZNF780B,1064,401
CNOT3,959,443
RFX1,1245,611
SFMBT1,1077,509
CREBRF,753,374
KMT2D,6917,3399
ETV3,642,309
TRIP10,749,267
RNF115,364,185
SCX,315,130
CSRNP1,681,355
CAPN15,1379,692
EGFR,1597,671
APBB1,812,270
RGS14,709,347
NFATC1,1204,390
AIP,371,160
SMARCAL1,1203,584
TSNAX,358,171
TOP1MT,680,297
RBX1,148,65
CBX2,763,329
TERF2IP,483,220
KDM4D,646,312
TRIM38,605,276
KRTAP5-9,348,113
IRF5,632,245
SUPT3H,399,148
ZFP91,664,345
SUPT20HL1,1098,553
TLX2,364,157
RING1,480,246
SP4,858,453
SOX5,960,388
MYCBP,125,60
RBFOX2,575,219
PNRC1,368,194
ZNF266,1141,315
CHD7,3720,1806
ZNF430,917,328
TBX15,715,289
DNMT3L,494,233
CTNNBIP1,105,51
ZBED5,451,403
ZNF571,783,353
ZNF7,910,350
NPAS3,1109,571
NFYB,270,125
ZNF397,672,314
HOXD13,439,215
CDK11B,997,452
TOB1,308,208
REL,786,353
DMBX1,426,232
MTA2,832,403
PTOV1,531,241
KHSRP,911,438
ZNF480,1136,268
ISX,300,148
COMMD9,237,109
ZNF239,610,269
TLE2,944,383
BARX1,312,157
HIVEP1,3318,1635
MNT,722,358
LCOR,1263,244
HSFX4,472,204
FAM171B,956,492
ZBTB24,593,407
KLHL4,900,426
TRIM50,625,299
PFN1,172,89
ZNF24,361,214
PIM1,390,188
AIM2,424,205
MED18,192,124
CEBPZ,1279,617
RORB,579,274
MTOR,3181,1543
ARHGAP5,1548,888
NAA16,1038,503
FAM189B,815,351
PRB4,550,148
CCT4,641,300
TP53BP1,2446,1148
MET,1638,832
CCDC59,304,141
ZNF407,2811,990
UBC,846,408
TBX22,622,306
ZSCAN4,429,256
GTF2E1,472,262
DHX34,1399,699
NUP62,399,272
ZNF251,888,394
ZBTB2,487,305
SS18L1,507,240
KLF1,388,235
MAML1,1155,622
GTF2I,1430,569
BAZ2A,2320,1141
ZNF774,626,275
FGFR2,1041,401
ZNF546,1071,482
ZNF844,1283,381
ZNF519,706,317
DPPA2,413,181
EID3,270,199
HDAC2,609,269
KEAP1,706,385
RBM6,1394,595
NELFB,799,381
IRX2,665,303
CHCHD2,197,89
MYNN,643,333
MYSM1,1024,479
ARX,628,354
PLAGL1,460,244
HES2,246,113
PARK7,245,101
TAF7,369,202
SMARCE1,505,198
SIRT7,497,246
RXRB,674,320
FGF1,184,92
CNOT9,390,155
ZNF92,850,286
CDYL,731,320
ZFPM1,1283,653
DNAJC1,672,336
PSEN1,578,218
FOXE1,450,243
PCGF6,440,215
ERBIN,1683,752
AHRR,904,59
WDTC1,751,408
RAD51,420,164
ZC3H7A,1095,569
FOXN1,803,391
ZBTB22,630,388
L3MBTL1,1086,456
ZNF22,260,132
TAF11,273,119
MYT1,1455,671
ESR1,758,367
E2F6,349,121
TRIM56,896,460
PSMC3IP,272,122
PHF21B,663,200
HDAC4,1375,664
TBPL2,470,231
RPRD1B,400,198
DPPA4,402,180
UBE2B,173,91
GMEB2,626,289
IRX4,712,335
S100A1,176,55
TAF1,2371,1104
EAF2,337,157
HES4,325,122
ZNF208,1594,679
SIRT1,957,460
ZNF683,664,303
PRRX1,302,124
EPC2,1000,478
FOXS1,335,203
ZSCAN2,801,366
SS18,499,232
CCNK,694,222
ZNF257,757,326
PSMD10,291,112
ZFP69B,702,305
ZNF124,573,161
KLF7,374,161
ZNF316,1306,645
ECD,832,352
ZNF75D,642,244
ZBTB4,1098,623
ZNF540,853,367
HMGA1,141,59
HSPA5,790,371
ATAD2,1723,822
ZNF772,649,220
STAT5A,994,400
AFF3,1613,744
HIPK1,1371,642
STAT3,957,405
KDM4B,1432,687
ZSCAN5A,615,296
IRF3,577,251
UTP4,794,342
KCMF1,480,232
THAP11,276,199
GATA1,513,204
GLYR1,651,280
KLHL36,668,335
SP2,654,363
SOX3,525,288
H1-1,252,133
LRRK2,3076,1434
HIF1A,1044,432
STOX2,865,556
BMP2,461,244
NEUROD1,292,218
PARP9,1035,414
POU2F3,549,259
DLX1,322,155
MED29,214,118
CBX4,780,354
CUX2,1893,912
MED4,329,133
BRD3,914,443
FMNL2,1358,651
NKX6-3,311,163
ZNF391,419,209
CDK2,437,160
TRIM8,605,338
ZNF528,1613,368
ZNF469,4545,2426
FARSB,719,341
ZNF486,797,264
TLE4,986,423
TCF4,979,320
TTF2,1333,698
CHD1,2108,1006
ZNF260,531,238
ASCC3,2676,1288
ZNF436,602,274
ZNF875,1302,362
ZNF577,803,255
ZBED3,288,153
ZNF598,1162,530
ZNF354C,686,327
NKRF,568,407
MBD3L2B,264,128
ZNF497,667,323
MBD2,514,253
OSR1,281,162
HOXC13,431,211
HRAS,249,101
ARID3C,527,262
EDF1,179,85
USP15,1210,558
ZNF589,797,222
RFXANK,322,144
GABPA,551,267
ZNF566,620,241
SMAD4,689,274
IKZF5,511,249
PLXND1,2466,1211
NUP42,521,94
TADA2B,527,209
TRAK1,1215,520
PRDM10,1462,622
USF2,455,171
ZNF615,1091,431
NR0B1,607,292
USP2,762,221
NANOGP8,329,179
KDM5C,1938,834
EPAS1,1062,528
PID1,309,130
SOX11,547,286
ZFP69,679,309
RAPGEF4,1247,505
ZFP36,402,204
MAGEA1,432,185
HIC1,887,456
TAF1A,544,263
SCRT1,471,228
TDP2,475,180
BTBD2,700,342
RNF166,290,147
PATZ1,897,391
TRPS1,1554,617
TET3,2079,1033
BCL11A,912,482
ATN1,1086,732
LHX1,479,253
PAX1,667,282
ZNF219,665,464
ZNF286A,689,295
SRFBP1,522,251
MTERF4,466,231
HAT1,509,246
ZNF692,664,285
DUSP26,212,131
LMO3,211,75
CBL,1145,521
USP22,661,312
RBL1,1319,603
ZNF358,691,354
DVL3,894,429
ZNF185,892,197
WASL,623,300
ABT1,237,168
ZKSCAN8,739,342
HNRNPD,412,189
ZNF135,897,359
YBX1,408,201
ZNF763,630,231
ZNF551,954,404
ZNF853,926,416
ZNF410,641,240
CERS4,502,180
ZNF622,539,290
WWP2,1072,453
SMYD5,532,248
GLI2,1971,976
TFAP2C,563,273
ATF6,878,348
LRIF1,857,458
SCAPER,1750,693
HOPX,146,46
ZNF83,702,304
TRIM47,753,403
INO80,1920,931
TIGD5,628,399
CDC73,659,266
HYAL2,379,285
CREB3,506,221
NIPBL,3261,1565
ZBTB33,451,392
PHF8,1385,531
ELL,779,382
ZNF133,836,333
ST18,1294,620
PRKAA2,678,331
ZNF557,560,248
CEBPE,200,172
ZNF765,769,304
BIRC5,193,84
CERS2,448,228
TEAD1,527,200
ZNF624,1087,499
ZNF416,779,349
SMYD3,534,221
SCMH1,842,349
REXO4,497,260
PPARGC1A,915,404
PAX7,665,308
CCAR2,1155,563
ZNF449,656,298
EEA1,1739,809
GABPB2,561,241
MTERF2,417,217
HOXA10,501,58
CUL2,935,415
BNC1,1245,592
TIRAP,263,131
RPTOR,1686,715
PRAMEF18,632,289
ZNF35,696,307
TIGD3,417,280
PCSK4,979,480
TRIM41,657,322
CREB5,583,281
MALT1,1032,481
MRTFA,1294,484
CCDC17,790,64
MAZ,631,281
FOXO6,538,316
HIF3A,845,371
FUBP1,782,384
DYRK1A,939,440
GLI4,468,240
TFAP2E,563,271
PHC1,1276,584
ZNF85,791,318
PPP3CB,636,296
KDM6B,2103,1021
WNT4,423,216
ZNF862,1361,695
ZNF560,1030,467
HMX3,442,224
ZEB2,1488,566
NKAP,541,252
PCBP3,455,208
LIMA1,944,275
IKZF3,527,246
ZNF277,565,259
SMAD2,584,252
FOXQ1,556,268
NRBF2,311,164
ZNF613,800,332
PRDM16,1598,714
MBD4,716,325
RELA,700,271
MAP2K6,416,171
POLR3C,647,326
ZNF491,994,249
ESF1,1026,498
GSC2,257,135
FHL1,369,154
ZFP30,697,311
SUV39H1,539,253
LMCD1,443,178
CBLL1,592,291
SKOR1,1140,558
MBNL1,499,184
SATB2,909,367
FOXL1,399,221
TAX1BP3,138,75
CREB3L1,653,315
BHLHE41,659,312
TCERG1,1344,634
OVOL2,351,171
ANKRA2,380,178
KMT5A,450,216
WWTR1,455,244
LIN28B,326,148
KLHL21,757,344
FOXG1,622,307
ZRANB2,410,191
HOXD3,423,268
NSD1,3205,1440
TRIM29,719,352
MYBBP1A,1677,820
PRDM9,1131,527
FGD1,1182,586
ERCC6,1837,864
SETDB1,1570,778
SOX17,537,263
SETD1B,2471,1198
PIAS2,753,339
TBX6,553,267
TOX4,623,376
SEMA4A,960,381
KDM3A,1438,780
HOXB7,187,134
XPC,1205,571
RPS27A,206,91
ZC3H13,2100,942
PHF2,1359,671
ZBTB39,656,426
PSMC2,515,258
EXOSC9,559,250
ZMIZ2,1092,520
ZNF66,735,327
RBBP7,581,246
DPRX,207,113
MYF5,318,154
ZNF786,1029,426
ARID5A,700,202
CHD1L,1070,447
RBM26,1231,567
ZKSCAN2,1125,580
RLF,2033,1117
ZMYM3,1708,768
GTF2IRD2B,1391,64
SFRP4,424,209
ASH1L,3640,1712
TFDP2,556,181
UBTFL1,437,235
ZNF628,1380,675
CCNT1,894,432
SLC26A10,707,347
ZNF677,739,343
ZNF445,1222,610
ZNF213,610,284
REST,1235,561
PLXNB3,2444,1174
ZNF160,1088,462
CAMK1,457,220
PRAMEF14,806,285
SREBF1,1448,657
DACH1,955,310
KAT6A,2416,490
KCNIP2,339,112
MAP3K10,1289,600
ZNF736,561,242
FERD3L,157,102
NLK,650,316
ING5,334,136
SNX6,523,237
JMY,1244,597
TIAL1,487,220
EMX2,326,157
ERG,606,235
MEAF6,244,101
ERBB4,1632,755
FOXB2,515,274
GTF2IRD2,1387,64
FOXI2,405,204
NPM1,387,154
SLC30A9,716,336
CC2D1B,1061,516
PRAMEF7,674,281
NFKBIZ,835,360
ANKRD1,402,191
PITX1,392,205
RBPJ,622,257
PRDM5,761,352
FBXO41,1122,546
NRL,232,148
YLPM1,2649,849
TRIM25,798,394
POGZ,1791,789
EBF2,697,345
RAN,287,130
EME2,477,237
ZNF583,729,332
ARRB1,515,245
SP140,1113,450
KRBOX4,240,57
PPP1R10,1037,565
PSIP1,648,309
IRAK3,748,320
ZNF280C,924,433
ZNF224,920,415
PLXNA4,2366,1149
ANHX,599,227
ZIC2,638,343
ZNF831,2118,1041
CAMTA1,1935,1010
ZNF701,923,271
ZNF157,652,297
ZNF365,494,201
EGR1,623,336
RNF135,534,265
HOXD9,437,231
DMRTB1,450,219
ZBTB7A,578,368
PRAMEF1,595,285
NR1H3,581,234
TAF4B,1127,517
TRIM23,708,320
DCAF1,1862,903
ZNF57,723,312
ING3,509,233
SUPT7L,522,244
PDLIM1,406,196
MLX,379,125
ERBB2,1573,642
UBP1,707,296
HOXA6,199,148
PLXNA2,2403,1154
ZNF222,644,266
ZNF474,363,214
ZIC4,496,205
ZXDB,933,497
ZNF646,1523,1116
ACTB,432,202
ZNF707,450,228
JUP,940,457
H1-10,249,138
ZNF837,711,345
COPRS,225,105
FOXD4L4,541,261
PRAMEF25,690,290
RTRAF,313,146
EBF4,746,371
NIF3L1,458,203
ZNF619,888,312
SKIDA1,1073,507
MRGBP,254,123
ASCL1,302,153
ZNF292,2424,1596
PSMC4,522,235
RUNX3,534,263
HELZ2,2743,1647
DEPDC1B,666,277
BHLHE23,309,152
FOXJ3,772,347
TRIM14,529,276
PKNOX2,581,285
CFAP20,216,114
FLNA,3315,1405
TWIST2,159,98
ACTR5,713,361
ANP32E,402,128
MGMT,306,128
KCNH8,1359,660
KAT7,755,283
TOX2,641,285
PIAS4,646,313
TCEAL1,211,94
ZC3H15,540,249
WWC1,1398,676
HOXB1,285,188
FOXA3,372,217
RNF20,1194,576
ZNF443,981,387
ZNF671,723,325
MYEF2,718,328
ZNF215,655,308
ZNF189,512,346
SGK1,631,255
PRAMEF12,663,287
PPP3R1,240,98
KNTC1,2716,1298
ZNF730,957,288
ZNF800,639,387
ZNF502,689,315
KCNIP4,309,109
MTF1,955,449
HMGN3,163,59
CPSF4,339,130
ZMYM5,799,225
RBM20,1512,747
ZKSCAN4,688,322
ZC3H11A,995,475
TAB3,860,406
SMARCA5,1249,622
MLLT6,1329,666
ZNF282,840,411
BSX,226,148
SMARCC2,1526,667
EAPP,350,144
VPS25,205,107
TRMT1L,866,432
GTF2H2,490,233
ZNF609,1709,855
RBPJL,657,297
NOTO,278,156
ZNF595,831,350
ZNF878,1217,303
HCFC2,983,469
NOBOX,852,338
NOTCH2,3131,1482
TONSL,1753,853
ZNF141,631,272
PPHLN1,601,179
MED9,168,87
SETD6,603,245
ZNF525,725,259
PPM1A,534,191
ZNF827,1681,657
TRIM5,624,288
MBD3L3,274,128
STAG1,1555,719
ZNF717,1181,500
MAPK1,427,192
PER1,1624,770
NFKBIB,441,211
ZNF232,561,258
XIAP,620,291
NANOGNB,273,98
THAP1,205,126
DHX57,1706,826
ZC3H6,1344,696
ZBTB18,412,312
RCOR2,633,317
CCR7,290,224
KLF17,485,239
SSX3,274,102
MSX1,373,188
TFB1M,451,205
IFT74,750,349
FLII,1591,740
TSC22D4,481,96
CREBZF,367,222
MED24,1230,583
CDYL2,640,308
ZSCAN25,676,278
ZNF18,670,322
TXN,133,50
TRIM33,1328,667
TSN,275,132
SP140L,744,310
TSPYL2,794,426
ZFAND3,280,126
MSGN1,201,116
JUN,391,210
CTNND1,1222,509
NR1I3,442,165
EHMT1,1633,753
LRRFIP1,1115,391
DUXB,442,207
ZBTB47,1001,463
AKAP17A,734,284
RNF125,295,139
HLA-DQB2,348,139
RHOXF2,402,189
TCEA2,363,166
YAP1,611,271
ZBTB9,529,283
HCK,666,312
TRIOBP,3141,276
NKX2-2,213,170
GTF2B,392,189
HSPA8,747,370
ZNF790,826,371
DNTTIP1,389,198
HDAC9,1331,601
ZNF512,667,291
PURA,378,202
BCL6,750,394
ZNF720,381,74
PRMT2,553,264
UBE2O,1537,796
MST1R,1750,791
PMS1,1144,383
PKM,766,279
ZNF205,757,347
SCML4,517,212
PRAP1,211,89
DMRT3,470,297
U2AF1,302,147
NCOA1,1780,743
MAPK14,435,182
TMEM260,868,417
REPIN1,728,356
LYAR,481,221
RALY,410,177
MLIP,1245,273
ZSCAN12,793,351
MED13,2682,1286
RFX6,1139,551
NFIA,694,275
PKIA,55,45
CNOT4,852,344
ZFP42,415,190
ZHX2,929,500
ZNF70,537,265
JMJD1C,2916,1385
RNF112,785,384
POU6F2,918,425
AKIRIN2,248,124
ETV4,609,260
BDP1,3283,498
KMT2C,6233,2856
RFPL3,362,167
ZNF726,1154,354
PURG,341,194
KHDRBS1,549,251
MESP2,507,274
ZNF816,1166,386
ZNF514,516,231
TSTD1,152,69
RELL2,341,182
UBE2I,217,94
TGFB1I1,560,265
ZGLP1,369,113
SCML2,873,408
WDR5,423,191
ZNF688,337,158
ATOH8,409,210
FAM200B,433,384
ZDHHC1,605,306
NCOA7,1162,127
RUNX1T1,832,341
ZNF667,799,356
ZSCAN9,560,235
IKBKG,579,243
OLIG3,190,170
ZNF638,2361,1173
MCRS1,577,273
ZMYND8,1805,636
ARID4A,1701,685
NKX2-4,408,232
CNOT2,657,322
DACT1,1063,490
PKIG,85,45
AURKAIP1,210,122
DGKQ,1193,590
ADAMTS19,1525,732
ZNF99,1358,490
PSPC1,640,314
ZNF76,705,310
RNF114,291,125
AGO1,1125,472
TRIP11,2404,1151
KMT2E,2206,1092
ETV2,455,97
SIVA1,226,97
SGF29,375,179
EP400,3980,1905
MAPK12,452,211
NR2F1,505,230
NUPR1,122,51
FER,1016,481
BRPF1,1558,684
CNOT6L,687,323
SERTAD2,351,192
KDM2A,1455,700
CASZ1,2206,1106
MED15,1000,417
BRD8,1440,729
CDK9,450,229
SARNP,270,123
PRAMEF33,581,286
ZNF711,987,450
KPNA6,662,320
MBD3L5,262,129
MEIS1,508,197
TRIM3,777,382
ZNF821,508,220
NFKBID,627,192
VAX1,421,118
DDB2,541,214
ZNF462,3075,1502
RBCK1,588,285
MAPK7,940,415
NUFIP1,624,295
COMMD4,234,106
BATF2,321,148
THAP7,385,184
DEPDC5,1990,915
ZNF234,966,403
ELK3,486,241
ENC1,391,307
ZNF284,807,357
DNMT3A,1137,559
GTF2H4,590,279
TBX18,633,370
ZNF891,723,314
ZNF593,204,85
TCF21,190,109
NOTCH4,2432,1228
ENG,794,297
INSM1,630,333
TRIM35,596,306
DNAJC21,708,278
NFE2L2,691,340
ZNF41,1002,452
PIR,352,172
AFDN,2311,994
ZFAND5,250,125
IRF8,504,258
ZFX,1022,467
THYN1,282,132
THRB,578,274
SOX8,551,284
SP9,639,316
BTN3A3,762,315
ZBTB41,1128,539
POU4F1,528,267
WDR75,994,482
SSRP1,868,426
MCIDAS,507,241
FOXC2,661,321
NAB1,590,281
SSX5,333,114
SIX1,234,171
SOHLH2,521,248
KLF11,608,294
BRWD1,2873,1305
TSC22D2,1012,484
MED22,241,122
ZSCAN23,358,231
AXIN2,1074,479
NFE2,333,229
DHFR,224,106
GTF2H2C,495,233
NR1D1,776,374
DEAF1,716,341
GFI1,505,260
SOX30,944,266
RORC,648,300
NR2C2,792,352
PPARA,592,281
PCGF1,319,156
FBXL19,874,339
AHDC1,1627,987
ZBTB25,439,255
ETS1,608,211
ATRX,3037,1426
NEUROG1,246,153
PTPN14,1447,725
MED19,235,145
PKN2,1209,545
KLHL5,917,331
ZSCAN18,860,322
E2F1,500,273
ZNF25,573,261
IRX3,585,313
PRMT8,491,230
CHCHD3,290,135
ARID1B,3016,880
EID2,317,148
HDAC3,536,257
EZR,736,351
ZFP36L1,272,202
USP34,4345,2092
TENM1,3413,1645
SIRT6,430,199
ACTL6A,537,232
ZNF684,532,216
HES3,240,125
TAF6,908,400
ADRB2,312,255
GREB1,2440,1192
SSH1,1320,423
UBA3,563,250
ZNF250,727,333
UBB,298,140
PYGO2,381,223
PYCARD,253,110
NKX2-8,314,154
ZNF775,613,342
ZNF547,894,237
KAT2B,1025,500
ZNF845,1980,572
C1D,235,83
ZNF311,848,394
ZBTB3,575,316
AIRE,687,339
IRF4,571,275
ZFP90,778,372
ZMAT1,998,376
AFF4,1476,693
NR5A2,650,281
KDM4E,645,303
PHOX2B,401,197
STAT4,895,435
RBMX,494,232
TRIM39,632,296
YY1AP1,1097,305
H1-6,233,126
FOXF1,377,242
SP5,445,251
SOX4,576,304
LENG9,504,300
GATA6,671,384
SRC,647,329
TLX3,382,187
TNP1,62,35
CRY2,758,326
NEUROD6,248,202
MITF,657,251
FOXM1,1016,443
ZBTB12,560,273
ZNF804A,1234,698
TRIM66,1750,720
ZNF12,901,365
NANOG,422,176
CBX3,260,103
LBX2,251,122
TULP1,674,302
TUT4,2060,976
DLX6,316,98
MTA3,730,311
ZNF396,424,197
NFYC,524,177
CDK5,374,158
TNIP1,801,340
BRD4,1692,816
ASXL1,1693,894
HOXD12,280,161
GPR155,1081,491
UXT,217,94
TCF3,878,370
TLE3,996,437
COMMD8,180,106
BOD1L1,3703,1812
ZNF431,741,333
NFAT5,1622,900
FOXP1,861,294
CAMK2D,674,289
CHD6,3310,1627
ZNF267,1054,437
NPAS2,1027,511
ZNF326,699,294
LIN9,687,283
ZNF114,933,247
PHF19,750,351
ZNF570,795,304
HMGB1,278,95
ZBED4,1258,712
POU2F2,743,249
ZBTB14,515,261
CBX5,239,110
PIN1,195,89
ZNF14,854,359
TSHZ1,996,633
ZSCAN29,962,503
TCF7L1,740,358
MED28,207,107
CUL4A,938,380
GLIS1,1009,377
POU5F1B,226,225
IRF2,449,212
ARGFX,420,189
STAT2,1007,491
KDM4C,1305,630
AFF2,1628,758
SP3,903,426
SOX2,353,205
PRICKLE3,718,337
PTTG1IP,220,66
NELFCD,745,343
TARBP1,2014,974
ZBTB8B,604,298
EVX2,584,301
ZFR,1326,638
ELOF1,163,47
THAP10,265,157
ZNF605,866,372
GTF2F1,653,314
HHEX,386,168
ASCC2,937,407
ZNF354B,801,359
ZNF112,1139,529
CTBP1,560,261
ZNF320,1098,304
NPAS4,858,488
ZBED2,230,133
ZNF576,253,104
SETBP1,1908,118
ZNF599,776,348
BAZ1A,2010,898
TRIM9,1003,428
FABP4,163,73
ZNF529,719,269
NKX6-2,254,174
MEOX2,385,184
BRD2,1064,451
DNM2,1097,521
TLE5,333,122
BACH1,886,441
ZNF468,749,309
ZNF487,317,120
CXXC1,800,368
MAMLD1,1172,459
RNF141,291,138
HSFX3,472,204
ELP1,1671,718
HDGFL1,343,164
YY1,463,260
DTX1,765,396
GTF2A1L,591,263
TAF10,290,137
ZNF23,863,342
E2F7,1112,435
KLHL3,757,308
ZNF93,1218,346
AP5Z1,1010,488
BCOR,2240,1009
PPP2R1A,735,355
SMARCAD1,1235,593
CNOT8,344,137
PCBD2,170,78
STRAP,460,206
PXN,1370,335
PPARG,629,281
LARP4,892,223
NCOR2,3243,1315
PRB3,467,182
ZNF256,1082,371
DHX33,841,424
PSMD11,495,255
BLM,1750,758
U2AF1L4,260,112
JPH2,863,450
ZNF843,437,322
ZNF541,1707,846
ZNF33A,1053,391
ZNF773,1194,264
KLF6,325,140
ZBTB5,455,410
ZNF317,752,327
PASD1,1019,473
ZNF195,844,314
IRX5,617,305
NELFE,496,211
PHF5A,133,66
HDAC5,1407,634
ZNF682,687,235
UFL1,948,462
JADE1,1046,310
ELF1,749,352
ANKAR,1763,843
HES5,197,106
SOX14,165,153
SETDB2,880,398
BEX1,179,75
PBXIP1,808,189
MKRN3,669,301
NSD2,1710,805
USP7,1364,648
WIZ,2285,1049
PRAMEF8,674,281
LIN28A,179,129
KMT5B,1061,216
RIPK3,634,317
OVOL1,320,163
LHX4,501,240
CREB3L2,653,274
FOXL2,434,241
CHAF1B,726,333
SATB1,1000,458
MBNL2,496,216
SKOR2,1252,185
AHR,1006,495
FHL2,327,163
SUV39H2,511,207
SRCAP,4045,1821
TAF1D,357,159
TRIB3,489,216
BOLA3,162,63
SP110,889,413
PKHD1L1,5229,2517
CBFA2T3,844,364
AMOT,1297,360
PGBD1,1014,480
PARP14,2205,1047
TP63,837,295
ZNF492,884,301
MAP2K5,560,246
ZIM2,712,323
HTATIP2,336,113
TTLL4,1505,580
RELB,739,365
MXD3,411,120
PRDM15,1534,695
ZNF610,662,252
DYDC1,220,105
SMAD1,512,279
ZNF274,860,331
PROP1,236,136
ZNF335,1633,828
LGALS12,415,159
ZNF107,1093,441
BRIP1,1520,579
GTF3C5,660,284
ZEB1,1372,631
TDG,509,238
ZNF563,651,266
KDM6A,1794,785
MBTD1,766,366
ZNF69,737,322
DNAJB5,453,210
PKD1,5391,2649
PPP3CA,650,254
SNAI3,379,179
RBBP8,1097,509
RWDD3,327,156
TAF7L,586,177
FBXW7,840,351
CENPT,710,311
OGT,1280,619
VEZF1,495,312
ATF3,200,104
CNPY3,316,169
UBTF,981,438
IFI16,1018,400
RERE,1921,808
DBP,383,166
SEBOX,201,112
DYRK1B,788,357
CCNQ,306,140
HOXB8,201,149
DDX5,750,317
TCEAL8,168,70
MNAT1,388,157
MRTFB,1361,621
ORC2,689,337
FLI1,531,236
SAV1,479,228
ANAPC2,1020,505
ZNF180,890,383
BNC2,1225,620
CUL1,971,406
ZNF678,688,294
GABPB1,493,189
HOXA13,495,240
MTERF1,312,225
RNF8,576,265
ZDHHC19,396,191
SF3A3,610,294
ZNF697,626,349
CCAR1,1389,660
PAX4,439,205
SMARCD3,617,289
ANKRD30A,1787,778
PPARGC1B,1299,588
LEF1,489,182
ZNF415,842,324
TEAD2,584,280
ZNF627,865,261
ZGPAT,623,316
DAPK3,590,274
ZNF766,924,269
ZNF789,605,253
ZNF554,828,329
PRKAA1,723,332
ZNF302,614,239
FOXO3,504,420
INPP5K,584,224
PPID,446,219
KAT8,562,275
TIGD6,578,306
ZNF30,859,368
ZNF80,309,161
SPAG8,674,298
BHLHB9,528,323
ATF5,356,175
RGS7,636,245
KLHL13,798,357
ZFP3,644,294
FOXD3,473,307
DR1,158,105
GLI1,1274,586
MPRIP,2942,628
ELL2,778,379
BAHD1,810,473
ID3,130,77
TEAD4,563,184
ZNF621,572,258
WWP1,1166,539
ZNF552,543,237
ZNF850,1408,641
YBX2,471,233
ZNF136,747,288
MTDH,730,311
ZNF304,913,362
TFAM,296,124
FHIT,180,89
ZNF169,720,362
USP21,708,338
RBL2,1379,671
VGLL3,398,196
ATXN3L,227,212
RHOA,244,113
ZNF691,300,171
ARNT,979,459
UTY,1774,636
PAX2,520,243
ALX3,312,211
LHX2,495,251
BCL11B,1139,454
ZNF705E,398,173
CREB3L4,399,223
HOXA9,245,141
BTBD1,576,293
SCRT2,408,202
TAF1B,736,35
MAGEA2,481,186
HIC2,744,380
ERCC3,992,466
SOX12,272,201
BRMS1L,398,190
IFI27,171,49
NR0B2,249,157
ZNF616,1021,456
USF1,374,172
ARIH2,607,294
PRDM13,798,445
WBP2,336,133
FBP1,423,164
TADA2A,562,267
TRAK2,1131,544
SMAD7,463,266
SKI,913,455
ZNF101,669,36
ZNF385C,583,259
ZNF333,825,395
ZNF565,698,293
KBTBD7,583,418
ZNF888,1165,420
GTF3C3,1094,531
LBH,116,54
TFE3,718,341
EIF3K,279,113
USP16,1030,476
ZNF708,830,322
DUSP12,402,207
LMNA,876,346
ZNF383,618,270
STRN3,1003,424
PARP12,853,424
HOXC10,283,207
OSR2,553,168
MBD1,822,305
MAP2K3,432,197
ZNF649,770,283
POLR3F,394,186
SUB1,147,73
TRAF6,593,315
GPBP1L1,571,278
LANCL2,573,273
TOE1,536,310
ZKSCAN7,967,449
HNRNPK,573,271
ZMYM6,1496,772
DHRS7B,393,186
GTF3A,457,213
CIC,2701,1555
MTF2,655,292
BTF3,240,94
ZNF783,716,340
ZNF501,345,157
ZNF37A,706,321
SPIB,293,85
PRAMEF11,683,290
CAMK4,579,287
ZNF165,626,287
EXOC2,1150,539
FOXO3B,194,194
ZNF672,481,292
MXI1,343,114
RNF2,406,203
MED12L,2666,1074
ZNF440,1165,340
KLHL40,777,389
PUF60,696,300
CTDSPL2,541,230
HOXB2,372,225
TCEAL2,305,135
NRF1,640,306
TRIM48,300,136
TBX3,898,454
NACA2,139,128
TADA3,467,219
NFIL3,386,270
TWIST1,256,134
ACTR6,491,218
ABL1,1421,690
MYRF,1426,687
PKNOX1,547,261
TRIM17,508,285
RAX2,251,114
MLLT10,1334,609
PLK3,758,390
SMARCB1,500,203
BCLAF1,1128,442
ASCL2,299,125
VPS36,468,191
ZNF428,191,116
PAXIP1,1367,647
SAMD4B,877,419
PEX2,232,176
IRAK1BP1,215,153
ZNF586,508,212
MAF1,367,155
ZNF587B,1238,374
DRAP1,291,113
ZNF569,907,393
KRBOX1,175,78
HIP1,1335,581
RBM14,744,416
COMMD10,253,112
TXNIP,455,200
LITAF,208,97
ZNF536,1059,791
ZNF704,525,249
CRABP2,146,81
ZXDA,927,496
PLXNA1,2396,1171
ZNF221,771,367
SLC39A10,980,490
HOXA5,317,170
RNF14,581,278
CIR1,573,263
MNX1,511,127
MEF2C,609,236
LGALS9,450,198
CDKN1B,249,121
CRK,405,187
SLC26A3,932,464
MAGED1,1118,470
POU3F3,632,323
HSF5,761,370
TBL1XR1,617,303
PRAMEF2,614,285
ZBTB7B,577,334
TMEM121B,722,367
BTAF1,2273,1078
SNAPC5,130,58
EGR2,478,265
KLHL28,724,336
FOXD4L1,517,260
ZNF366,920,454
NFILZ,324,175
AGAP2,1468,514
ZNF154,630,254
PRAMEF20,630,288
PRKCQ,884,347
CAMTA2,1553,730
MINK1,1698,800
ZNF530,1356,353
ZNF471,767,362
ZIC1,455,279
ZNF227,1021,435
LIMD1,864,377
ASCL4,238,112
ZNF580,218,113
ARRB2,539,203
HIRA,1211,619
LPIN3,1061,513
EBF1,721,319
TRIM26,632,320
TBL1Y,680,314
PRDM6,672,373
CTDSP1,330,158
MAD2L2,285,127
PITX2,399,163
SOX18,447,250
ANKRD2,458,185
CC2D1A,1163,580
TESC,281,117
PRAMEF4,696,290
PRAME,664,70
EGR4,782,309
SNAPC3,508,249
NPM2,274,83
FOXI1,480,235
AKAP9,4829,1814
RIPPLY1,171,91
NR4A3,814,387
HOXA3,500,274
GTF2IRD1,1192,582
FOXB1,253,205
LHX8,448,207
CARF,888,362
NOC2L,936,462
RAD21,778,367
SSBP3,480,221
EMX1,352,182
MED31,161,77
DZIP1L,953,327
ZSCAN30,649,257
ZNF735,579,235
LZTS1,709,320
CREBL2,114,73
ZNF507,1124,564
ZNF805,810,368
KAT6B,2566,1072
KCNIP1,299,110
DACH2,758,346
TPR,2639,1390
PRAMEF17,613,286
SREBF2,1423,694
SCAI,783,358
HELT,414,148
MSL3,644,250
TPRX1,1064,258
PAX8,586,246
ZNF446,580,207
RNF4,221,111
MIXL1,309,145
ZNF674,753,337
CCNT2,937,397
MLLT3,675,334
TFDP1,523,242
ZNF419,855,267
EYA3,692,304
ZKSCAN1,739,309
ZNF558,525,228
MYF6,236,148
ZNF785,550,244
ARID5B,1429,570
WTIP,554,275
BTRC,707,342
RBSN,984,475
ZFP57,717,279
EIF2AK2,701,288
RBBP4,532,232
TRIM11,488,249
HDAC11,436,147
ZMIZ1,1343,603
TRAFD1,707,350
ZNRF1,348,132
DSCAM,2536,1121
PPP1R13L,1046,519
CENPX,183,53
PSMC1,549,216
CSDC2,144,95
RNF25,583,275
PHF1,692,273
ZC3H10,359,265
TCEAL4,512,112
HOXB4,326,161
KDM3B,2088,1067
SALL3,1510,684
HMGXB4,716,353
RB1CC1,1748,927
CDC5L,970,470
SETD1A,2146,1044
PIAS1,796,385
TBX5,649,283
AXIN1,1076,510
ZSCAN20,1272,627
TRIM69,612,295
KCTD1,1094,544
TSC22D1,1178,84
AR,1164,585
MED21,201,87
KLF12,500,240
SOHLH1,515,202
PARP1,1219,583
NOC3L,973,462
NAB2,651,278
SIX2,224,186
PSMD9,278,136
LDOC1,180,90
ZC3H3,1205,577
FOXC1,720,365
IQCN,1998,509
PLEK,398,204
POU4F2,510,251
ZBTB42,551,267
FOXH1,411,225
SPDEF,400,197
IVNS1ABP,728,372
ZMYND11,745,308
PSMA6,316,120
THRA,626,257
RPS6KA3,914,418
ZFAND6,250,103
HDX,848,366
NFE2L1,937,375
INSM2,726,362
NDUFA13,202,79
ZNF329,681,317
NCALD,211,115
SAP30BP,373,169
PBX3,571,214
MAP3K7,747,292
DNMT3B,1073,433
ZNF287,983,442
CHD9,3472,1435
DOT1L,1943,949
ZNF268,1188,565
SERPIND1,621,303
THAP4,656,352
ATF6B,834,380
ZNF653,784,384
NUFIP2,712,412
POLR2L,72,44
FANCD2,1810,855
ZNF461,727,318
HNRNPA2B1,499,201
VAX2,351,181
SETD3,764,353
MEIS2,615,227
RIMS3,387,185
CTDP1,1207,521
EED,624,215
MED16,1097,521
WBP2NL,406,188
KDM2B,1684,774
SERTAD1,237,142
ILF3,1095,411
HOXC4,344,168
PEG3,1870,870
NR2F2,490,257
HSBP1,87,46
MAPK11,427,224
ETV1,597,249
CDK12,1871,888
AGO2,1076,496
BTK,865,387
MACROH2A2,459,201
CSRNP3,719,348
PLEK2,447,212
RFX3,918,426
BRDT,1163,511
UNCX,808,348
CNOT1,2941,1411
CORO1A,558,239
TSG101,493,221
ZNF548,709,55
ARID4B,1705,716
MAFF,196,89
INO80D,1315,612
PLEKHA4,970,478
TCF15,257,131
CCNC,321,165
GRHL3,811,342
MAK,791,322
ZNF664,221,148
NCOA4,739,313
CENPF,3313,1827
SRSF10,313,101
SCML1,459,129
ZNF200,537,239
CECR2,1841,779
TAF9,205,157
S100A9,156,69
PRMT7,861,383
EGLN3,275,146
ZNF341,1079,510
ZNF517,646,315
ABRA,304,231
DPF3,474,226
KHDRBS2,450,209
MESP1,348,179
BCL3,569,286
LZTR1,1054,510
ETV7,429,156
YAF2,256,108
POU6F1,766,348
AKIRIN1,241,120
RNF111,1252,586
MYB,942,332
CDK5R1,247,189
ADGRA1,1553,295
ZHX1,675,511
CNOT7,302,143
ZFP41,262,115
NFIB,665,294
CNOT10,1011,426
E4F1,967,375
RFX5,717,377
SORBS2,1515,386
SUPT5H,1364,663
MSANTD3,194,160
MED10,169,82
E2F8,993,520
HNRNPU,1006,356
THRSP,120,89
NRG1,813,312
BCL6B,564,296
MED13L,2774,1334
NCOA2,1772,867
ERN1,1209,559
ZNF662,577,249
RPA2,447,156
NUP35,384,185
ZNF347,1450,493
RSF1,1729,696
CSRP3,233,97
ZNF175,908,420
PRMT1,461,169
PICALM,785,324
ZNF723,701,291
PURB,296,205
ZNF511,356,157
ZNF813,835,365
EID2B,189,107
DNTTIP2,889,448
ZNF793,690,242
ADNP,1071,656
NKX2-1,357,233
KLF9,180,151
HINFP,652,257
INO80B,437,220
ZNF318,2266,1365
SAFB,1214,528
JAZF1,309,151
NUP85,809,326
IKBKB,939,413
TCEA1,375,168
RHOXF1,456,117
HLA-DQB1,330,138
TGS1,915,502
ZBTB44,744,343
DUXA,261,125
CHTOP,309,125
DMRTC2,552,220
LRRFIP2,911,238
EHMT2,1534,724
RPS6KA5,1011,437
CTNND2,1538,543
MIER3,610,289
KRTAP5-1,607,201
PRKCI,770,352
TRIP6,599,290
ZCCHC18,438,238
ZNF44,858,352
ZSCAN26,614,276
GPATCH8,1448,897
MED27,413,167
MSX2,229,162
NR2E3,494,232
SIX4,875,473
KLF14,414,205
UBE2D3,200,73
RCOR1,606,293
LPXN,488,213
SET,370,155
BUD23,391,172
THAP2,234,133
NFKBIA,394,169
ZNF467,735,371
PER2,1631,767
ZNF488,384,143
ZNF655,715,288
COMMD1,253,114
ZNF714,906,53
TRIM6,635,271
ZNF526,732,411
MYCN,531,292
ZNF142,2010,1029
PHF10,622,226
TCF24,207,108
NOTCH1,3307,1577
SRA1,306,144
HCFC1,2516,1242
TGIF2LX,323,152
ZNF579,684,359
DYNLL1,93,55
ZNF596,1206,289
ONECUT3,586,319
ATXN3,455,172
GTF2H1,673,320
ZNF438,1025,232
SMARCC1,1384,659
SHOX2,449,199
ZNF281,926,511
HES6,283,121
TAF3,1077,547
ELF2,706,297
JADE2,971,307
IGHMBP2,1204,119
ATOH1,394,220
SIRT3,514,216
ZNF681,837,370
HDAC6,1532,724
KIAA0040,223,57
BCL9,1804,813
IRX6,568,277
EHF,396,164
RBAK,877,415
TFEB,611,236
ZBTB6,320,244
ZNFX1,2311,1135
KLF5,496,217
ZNF770,897,410
ZNF33B,980,439
AURKB,400,183
PSMD12,575,259
NFKBIL1,544,225
AHCTF1,2870,1337
FOXE3,406,211
NCOR1,3040,532
ZFAT,1496,688
MLXIPL,1057,452
LARP7,734,339
CDCA7L,560,250
PPARD,521,206
PCBD1,137,61
TIMELESS,1496,723
ZNF90,874,340
COPS3,525,203
E2F4,515,254
ZNF20,1000,304
TAF13,159,76
DTX2,712,323
YY2,451,231
HDGFL2,840,417
ELP2,1086,448
ANXA4,400,180
FOXN3,618,286
ZBTB20,825,417
L3MBTL3,967,444
ZNF484,1091,483
HOMEZ,684,266
BACH2,1004,496
HNRNPCL2,210,179
TLE6,751,276
MED6,322,145
BRD1,1421,632
NKX6-1,448,227
MEOX1,319,152
ZNF718,639,252
POLE3,165,86
RB1,1145,543
ZNF747,471,210
BAZ1B,1807,879
MPND,638,282
ZNF575,438,155
VHL,253,111
HMGB4,161,111
ZBED1,566,373
OAZ1,290,140
ZNF3,607,237
ZNF354A,770,353
CTBP2,1248,273
YWHAB,282,145
ASCC1,499,184
CAMK2A,685,259
CHD3,2501,1185
BCAS3,1194,550
FUS,664,330
FOXP4,843,405
GTF2F2,296,141
ZNF606,1008,460
TNKS,1657,637
ATXN7L3,370,208
N4BP2L2,859,287
GRM6,1086,545
PAWR,403,209
GATA3,542,271
SRF,476,311
ZBTB8A,552,262
EVX1,483,256
H1-3,261,134
ZBTB48,735,417
SOX1,508,257
AFF1,1549,738
PBRM1,2076,933
ZNF48,818,299
HIPK3,1484,706
STAT1,990,419
IRF1,408,159
ZSCAN5C,637,298
ZMAT4,277,137
GLIS2,612,321
SFSWAP,1266,575
CUL4B,1129,410
TCF7L2,773,252
ANKRD33,510,166
TUT1,1073,525
DLX3,361,182
AKAP8L,809,331
TSHZ2,749,619
ZNF17,868,393
CBX6,520,250
TULP4,1962,933
ZBTB17,970,454
POU2F1,948,418
KLF18,1385,682
HMGB2,272,123
ZNF573,848,340
PYHIN1,642,266
TRERF1,1444,587
ZNF117,911,271
PML,1103,352
NPAS1,756,369
PPRC1,1957,385
ZNF264,806,369
CHD5,2456,1191
CHMP1A,353,115
ZNF600,1497,427
FOXP2,919,413
MICALL1,1168,479
ZNF432,853,383
MYRFL,1120,537
MAPK8,512,227
CXXC4,464,231
MZF1,1000,459
THAP8,350,170
GPS2,364,197
TP73,807,279
HOXD11,387,217
TNIP2,552,214
BRD7,801,382
ZNF148,942,464
ZNF395,627,317
SP100,1126,515
DPY30,136,60
DLX5,338,180
TUT7,1819,747
LBX1,317,178
TULP2,664,324
POGK,688,367
ZNF804B,1216,743
ZBTB11,1289,628
CRY1,723,353
MYPOP,507,247
NFATC3,1305,628
JMJD6,507,243
GATA5,519,254
SP6,307,234
SOX7,470,242
ZFR2,1258,601
FOXF2,450,294
H1-5,255,140
CALCOCO1,858,360
PGR,1115,476
INSR,1733,829
ZCCHC12,474,236
PHOX2A,376,185
TGFB1,530,231
NR5A1,587,258
ZMAT2,240,115
IRF7,669,303
TCF19,447,210
KLF3,364,204
RBM39,653,300
MAML3,1365,701
DAXX,768,405
ZNF799,1303,357
ZNF544,1818,334
ZNF846,819,305
KAT2A,1004,516
ZFHX3,4558,2304
ZNF776,937,307
ELOB,228,69
WAC,792,296
LOXL3,897,370
PYGO1,411,243
TBX20,566,267
ZNF253,695,241
SSH2,1779,860
DHX36,1219,574
ELF4,878,401
TAF5,958,484
UCHL5,439,185
SFPQ,818,434
PLSCR1,418,188
CCDC85B,248,128
CENPJ,1642,791
ZNF687,1196,759
ATOH7,207,96
SIRT5,397,151
ACTL6B,595,259
TENM2,3452,1547
ZNF668,548,375
ZNF729,1938,714
HABP4,543,260
ZFP36L2,585,320
ARID1A,2814,1151
EID1,226,104
NFX1,1284,665
TAF15,742,277
ZNF26,721,309
KLHL6,766,371
EOMES,768,423
TRIM52,354,180
E2F2,567,273
PKN1,1189,570
ZFP14,688,310
ELP4,674,228
SLC25A2,238,183
NEUROG2,339,172
ETS2,620,277
HIVEP3,3014,1453
PTTG1,254,118
NOL11,841,423
ZBTB26,308,264
HOXC8,158,151
CPXCR1,257,185
PCGF2,385,212
PHB2,378,161
RBPMS,292,138
GFI1B,453,172
NR2C1,744,287
LARP1,1275,623
GRIP1,1396,644
CPSF4L,239,96
TAF6L,785,392
NR1D2,709,345
COPS5,412,197
KDM7A,1089,554
ZNF79,638,281
DHX9,1503,760
MAX,202,73
SIN3A,1575,756
BBX,1175,372
HOXB9,221,158
FUBP3,708,339
ADNP2,919,696
FBN1,3542,1730
ZBTB37,398,303
FOXO4,540,279
IL31RA,968,354
FAM170A,403,168
CTH,511,216
FBXW11,695,303
TIGD1,596,344
SLC22A4,697,331
PCSK6,1231,586
GZF1,847,418
HEXIM2,244,177
MRRF,301,127
HNF4G,561,241
PDPK1,665,258
TAF9B,288,147
RBBP9,233,110
NONO,646,231
SNAI2,318,158
BLOC1S1,187,87
KLHL14,808,384
FOXD4,570,287
H2AZ1,149,78
CENPU,515,242
LARP4B,919,441
ATF2,620,266
USE1,331,151
ZNF414,495,192
ID4,199,101
ZNF626,1073,299
TEAD3,558,266
HEY1,343,160
ERFL,414,214
SMYD1,612,283
TERB1,903,423
EZH2,933,410
LDB1,465,232
ZNF131,683,349
ZNF555,826,365
CEBPG,127,89
RCBTB1,607,316
VGLL4,377,174
ZNF808,1301,535
DUSP22,238,108
LMO7,2073,804
ZNF738,1025,74
BRF1,876,339
ZNF181,794,334
PAX5,480,191
ALX4,526,262
SMARCD2,654,279
PRNP,245,155
ZNF679,924,238
SF3A2,496,279
ZNF696,496,247
AUTS2,1603,621
FOXL3,304,156
TAX1BP1,1016,438
ZNF705B,395,173
CREB3L3,578,282
KMT5C,554,283
LHX5,488,259
FHL3,362,171
ARNT2,891,431
RC3H1,1405,682
DENND4A,2462,1091
POU5F1,455,220
MBNL3,420,173
BTBD6,658,245
CBY1,217,77
DNAJA3,586,271
PPP2R3B,716,349
NHLH2,127,85
MKRN2,537,225
NSD3,1715,821
NFKB2,1128,549
ZFP82,824,306
SOX15,299,145
PRAMEF9,684,290
PLCB1,1521,630
WDHD1,1392,586
BHLHA9,272,151
PLRG1,601,301
HOXD1,436,207
IKZF1,578,267
ZNF275,481,198
ZNF423,1362,718
PRDM14,654,346
MDFI,307,149
ZNF611,1661,374
ZNF750,664,445
STK3,648,293
GTF3C4,1009,492
ZNF860,799,382
ZNF562,736,204
HMX1,373,225
UNKL,910,407
ZNF334,940,378
PCBP1,321,223
ZNF106,2228,1118
ZNF385D,465,235
MEN1,828,339
OTX2,331,177
ZNF384,731,312
HBP1,636,308
BOLA2,202,93
CBFA2T2,763,345
TCERG1L,740,361
HSPA1B,684,391
ZIM3,636,277
ZNF493,1151,374
NKX1-1,424,274
MBD6,1252,607
TTLL5,1594,770
PAXBP1,1113,498
RRN3,823,360
PARP15,852,411
KDM5A,2105,1009
ERCC2,950,424
SOX13,783,377
CSDE1,980,395
TET1,2788,1261
ZNF705D,395,173
HELLS,1036,409
HTATSF1,944,450
CCND1,369,177
LHX3,483,248
DNMT1,2074,963
TAF1C,1051,330
XPO1,1310,527
FHL5,326,164
TRIM72,592,294
JDP2,208,99
SHPRH,2067,982
ZNF382,758,289
HSPH1,1073,462
URI1,693,282
ZNF709,1502,361
PRKCZ,526,248
DZIP1,1093,514
ZNF839,1210,497
ARID3A,767,373
MXD4,285,128
HOXC11,389,187
POLR3G,264,130
SRY,208,128
MAP2K2,510,247
ZNF648,689,248
ESRRB,652,268
RNF113B,240,201
ZNF273,741,326
SMAD6,509,317
PRDM12,425,194
ZNF425,998,446
PIK3R1,780,430
UBE2V1,210,89
ZNF564,1038,318
FEZF1,590,262
GTF3C2,1113,549
ZNF100,1004,269
ZNF385B,613,235
C20orf194,1377,694
PA2G4,462,239
IRF2BP1,523,358
ZNF81,826,385
ARC,320,243
MECOM,1490,592
KLHL12,675,344
ZFP2,594,261
FOXD2,630,322
TFAP2A,552,269
ATF4,440,189
RGS6,672,248
CENPS,167,81
PPIE,400,176
CREB1,419,194
HCLS1,576,275
HSFY1,352,122
HMBOX1,552,230
TIGD7,387,321
NFXL1,1128,540
HNF4A,583,238
LMO1,185,86
VGLL2,370,198
MAMSTR,559,194
DVL1,886,419
PROX1,849,431
CRIP2,364,129
UBE3A,909,449
HPCAL1,217,119
TP53,514,208
RRM2,570,232
PAX3,647,245
CHEK2,749,274
PHRF1,2038,1016
MYCBP2,5815,2734
NKX3-2,411,210
RALGAPA1,3157,1202
CERS6,485,227
ID2,133,81
ZNF620,919,245
FOXR2,374,178
ELL3,490,242
TAL2,102,64
ENO1,538,263
NUP98,2218,1034
CENPBD1,263,116
CEBPA,333,240
ADAR,1487,698
SUMO2,139,58
GBX1,389,232
YBX3,466,193
ZNF761,1396,439
ZNF835,694,347
AKT1,622,294
PRAMEF27,690,290
BRMS1,339,144
FOXD4L6,550,261
ZNF644,1275,780
KDM8,568,249
ZNF429,933,341
CAND1,1488,731
ASCL3,149,108
SART3,1173,567
KIAA1549,2449,1183
HINT1,133,64
RBM15,1176,551
ZNF587,772,337
ZNF568,997,337
KANK1,1661,718
POU3F2,500,279
HSF4,620,290
PRDM1,1085,411
CDKN1C,412,84
XRCC6,740,335
TRIM21,577,277
HPCA,245,117
EGR3,381,224
CCNA2,533,253
SNAPC4,1882,915
ZBTB7C,599,377
TP53INP1,256,145
FOSL2,414,194
YEATS4,279,130
SUPT16H,1237,609
RARB,554,269
KRBA2,492,233
NRIP1,815,679
AASS,1142,549
HOXA4,408,205
RNF168,709,340
RNF187,292,150
WDR61,369,181
ING1,485,141
ZPR1,558,270
MEF2B,480,177
IFRD1,550,235
BASP1,282,146
SSBP4,489,228
CDR2,568,272
GSX2,397,190
VSX1,477,193
PRAMEF10,601,286
EMSY,1638,735
MYOG,250,138
RRP1B,951,454
ZNF500,649,273
SPIC,291,142
SLC2A4RG,508,245
ZNF732,1344,332
ZNF441,1393,388
ZNF217,1260,635
OTP,322,203
TAB1,624,284
EYA4,789,337
ZNF248,743,329
CPEB1,800,288
ZIK1,1364,251
ZNF782,889,406
EN2,400,215
ZNF512B,1132,552
CITED4,225,118
MNDA,514,238
HLF,365,179
SETSIP,218,173
RBM22,514,219
TRIM16,697,343
HESX1,196,87
HR,1398,693
HNF1B,662,272
CEP290,3331,1391
PSMC6,491,230
RUNX1,604,244
MLLT11,121,54
FOXJ1,342,262
HOXB3,484,226
FOXA1,411,302
KLHL41,737,358
MSC,241,129
NR6A1,589,285
TCEAL3,279,121
BCL9L,1869,899
RPS14,185,90
PLAG1,515,250
KAT5,681,277
TBX2,897,448
THOC5,796,403
RBM15B,1058,566
SALL4,1248,642
TGIF2,187,143
HMGXB3,1950,749
TRIM49,566,220
PHTF2,981,405
FBXO5,560,233
EYA2,679,280
SMARCA1,1328,618
ZNF418,1493,349
ZNF784,384,203
MYBL1,870,404
ZNF559,797,318
CITED2,308,169
ZNF350,901,312
HMG20A,395,207
DAB2,958,440
ZNF506,1211,236
TCFL5,627,295
RTF1,823,420
GTF2A1,470,195
ZNF675,798,321
STK36,1635,765
DCC,1811,851
PAX9,427,211
ZNF211,819,292
PLXNB1,2606,1183
XPA,342,161
CRYM,367,189
TCEAL5,271,127
DMTF1,954,403
HOXB5,274,174
BRCA1,2241,1074
RNF24,205,87
TARDBP,509,245
CELF3,577,258
NR3C2,1236,517
TBX4,683,336
NUCKS1,278,142
SALL2,893,543
SENP1,776,376
HDAC10,850,381
BPTF,3843,1691
RBBP5,658,293
DRGX,325,159
TRIM10,678,237
CDKN2B,138,88
DDX20,954,451
ANP32A,308,152
CIZ1,1222,489
POU1F1,385,173
PAK6,832,386
RRP8,575,277
DBX1,402,214
CPHXL,537,241
CSNK2A1,453,213
DMRTA2,648,361
IRAK1,936,391
ASCL5,303,126
SNIP1,543,242
ZC3H12B,1009,509
MID1,838,332
DEK,465,172
ZNF280A,518,324
ZNF296,612,286
HNRNPUL1,1056,464
ATF7IP2,863,412
TDRD3,1115,378
LPIN2,1106,531
NDN,344,194
ZNF581,242,122
ZNF703,639,374
WNT3A,445,217
RFXAP,365,168
ZNF367,414,221
ZNF155,695,316
TASOR,2036,726
ZNF226,1048,469
ZNF470,892,61
RNF13,472,227
LHX9,471,195
SIAH2,376,200
AKAP8,855,421
NR4A2,730,304
HOXA2,347,221
NLRP12,1316,538
MEF2D,655,313
ZSCAN31,540,237
NOD2,1228,605
TTC21B,1617,752
SSBP2,464,186
MED30,198,87
POU2AF1,281,150
PITX3,354,189
EFCAB6,1860,808
TOP1,950,451
POU3F4,309,216
HSF2,643,306
TRIM27,605,310
TBL1X,690,312
DDX17,885,446
PRDM7,638,363
SNAPC2,438,207
SKAP1,455,221
NPM3,226,106
YEATS2,1751,850
CCDC71,552,289
PRAMEF5,628,283
NCK1,415,182
UBE2L3,275,91
CSRNP2,675,330
TRIP13,539,252
CDK13,1889,878
MIDEAS,1380,632
RFX2,886,436
SFMBT2,1066,440
CLU,608,273
ZNF780A,1388,359
ZNF74,812,380
ZSCAN16,473,205
ICE2,1148,571
TUB,709,312
ILF2,469,205
MED17,797,357
MSANTD4,267,203
UBR2,2208,1035
PREB,565,214
MAPK10,690,226
HOXC5,159,138
BRPF3,1219,526
ATMIN,964,395
TERF2,675,330
PLXNC1,1952,956
MIS18BP1,1424,657
TAF8,428,184
S100A8,129,58
ZFYVE26,3193,1343
MDM4,611,231
NCOA5,638,355
ZNF665,1463,365
ZNF814,1156,517
ZNF516,1293,751
MLXIP,1170,568
ZNF724,791,352
NMI,350,176
DPF2,507,232
KHDRBS3,432,204
EGLN2,555,253
CD3D,200,101
UBE2K,251,120
PRMT6,278,236
ACTN1,1156,500
APEX1,394,184
DIDO1,2711,717
MAFG,206,98
PHF20,1259,597
INO80E,279,110
NKX2-6,316,194
ZNF585B,976,447
ZNF549,863,369
ZNF408,823,441
LYL1,349,170
CREM,430,133
OLIG1,361,176
GRHL2,769,364
LMX1B,526,247
POU4F3,411,211
ZBTB43,335,279
H1-8,437,211
HAND2,224,133
ZNF43,1058,456
TRIM37,1191,546
CDY2A,528,315
CDX4,359,166
MED20,266,124
NACC2,703,371
SUPT6H,2144,1034
GON4L,2793,1337
BRWD3,2252,1064
ZSCAN21,645,267
TRIM68,517,292
EWSR1,825,355
GCM2,611,304
WDR77,400,204
SMURF1,937,442
PELI1,494,244
KLF13,348,193
SSX7,276,114
SIX3,399,210
NPAT,1783,838
ZNF652,503,361
COMMD6,131,52
HAX1,371,139
PRR3,223,99
ZNF460,781,314
DEPDC7,619,293
ZNF236,2311,1113
ELK1,576,61
JAK2,1357,659
THAP5,451,202
PAGE4,150,62
ZNF398,870,389
SETX,3306,1590
ZNF823,1110,345
ZNF521,1296,655
SETD2,3003,1513
ZNF713,614,247
ALPK3,1986,1055
MEIS3,622,219
ZNF8,921,349
ARHGAP35,1574,892
PBX2,520,264
TCF23,198,128
FIZ1,644,324
CHD8,3213,1377
HEYL,406,204
PHIP,2152,1075
CLOCK,1058,504
BARHL2,428,235
ZFP28,1072,512
MED26,684,373
KDM1B,1025,492
PRKD1,1089,540
CDR2L,575,286
CNBP,216,98
RASD1,300,179
UBE2D2,183,72
GATAD2B,735,347
ZC3H4,1535,816
SYK,782,370
SSX1,272,114
SIX5,776,464
KLF15,530,257
RPS6KA4,974,474
HMOX1,368,153
ISL2,495,226
BEND3,735,501
ZBTB45,567,323
TRIM31,535,256
IRF2BPL,953,511
ZNF45,848,400
MIER2,699,330
CDX2,405,194
RCVRN,221,118
ZNF578,992,354
TGIF2LY,247,117
HOXB13,358,175
RUVBL2,570,281
BAG1,436,135
ZNF597,560,250
RIN3,1239,569
PBX4,465,233
TCF25,847,411
TFAP4,424,204
MACF1,9408,4394
PFDN5,195,92
CDIP1,260,98
ONECUT2,625,312
ATXN2,1640,575
ZNF439,956,288
PER3,1546,738
NUP133,1395,674
ZNF654,1097,665
MAPK3,474,191
CCDC88A,2287,864
THAP3,308,113
FLYWCH1,916,447
ZNF230,704,51
DEPDC1,999,308
ZNF143,794,358
MBD3L1,231,118
ASF1A,252,118
MYO6,1622,737
LIN54,922,394
SETD4,543,241
ZNF527,850,352
SAP18,214,92
HLX,547,311
ZSCAN10,976,405
SORBS3,848,411
MED11,148,73
EDRF1,1466,718
UBR4,6455,3114
FEV,309,154
AEBP2,646,153
CRTC2,859,423
FOXK1,934,461
MYC,547,270
ETV6,573,276
KMT2A,4960,2351
ZZZ3,1084,538
NFIC,680,254
CNOT6,672,329
METTL3,682,348
PEX14,446,226
RFX4,894,394
CNOT11,613,310
MORF4L2,219,170
INO80C,286,115
KLF8,439,217
TCF12,868,407
ZNF319,501,356
MAFA,413,230
ZNF792,836,334
BTG2,129,98
RIOX1,730,404
SAP30L,231,122
SIM2,842,427
MDM2,647,257
DMRT1,507,233
ZNF207,579,272
RGCC,152,85
ZNF451,1313,334
CENPA,193,74
NCOA3,1693,848
ZNF510,894,398
ZNF346,402,154
ZNF518B,983,628
CSRP2,300,113
ZNF174,535,242
ZNF2,588,202
ZNF322,439,237
ZNF746,882,391
ZNF574,950,544
GLMP,489,195
RHOXF2B,405,189
TBX10,498,231
SF1,968,334
ZNF607,1135,410
RNASEL,893,393
CTCF,770,433
ZNF263,886,411
KIN,490,232
MAPK8IP1,886,438
CHD2,2139,1039
TCF7,598,242
TTF1,1162,233
GSK3B,592,251
RBMXL1,255,238
TLE7,546,268
LEO1,827,354
ZNF485,589,258
ZNF658,1338,615
STON1,700,437
FARSA,680,292
ZNF829,718,253
PDX1,335,176
SUZ12,921,431
FAM83G,1000,520
CDK1,332,139
CRX,457,182
MED7,203,134
TRIM62,612,299
SNW1,699,317
CBX7,308,100
CUX1,1860,842
RAX,436,223
TSHZ3,1007,659
ZNF16,886,399
POLR3GL,244,112
DLX2,373,205
UHRF1,1074,501
NFATC4,1161,440
NEUROD2,321,245
ZC3H8,382,169
CHUK,918,443
STOX1,1324,141
CCNE1,512,208
RGS11,597,274
ZBTB16,812,389
ZBTB49,868,459
H1-2,227,130
SP1,906,462
THRAP3,1185,543
GATA2,553,285
THAP12,781,402
TAF5L,573,356
SPZ1,466,252
ZSCAN5B,618,296
ZMAT5,214,101
GLIS3,1140,475
MTPN,145,71
HIPK2,1463,557
KDM4A,1307,639
STAT5B,997,473
ZFHX4,3671,2157
ZNF771,424,201
HMGA2,180,57
ZNF841,1211,479
ZNF543,804,362
CDC6,691,326
KLF4,591,89
GPBP1,617,170
ZNF254,867,321
CCNH,390,188
WWOX,547,219
ZNF630,851,378
ZSCAN1,567,251
EPC1,1054,461
JADE3,1016,487
PRRX2,333,167
ZNF680,894,305
SIRT2,486,211
HES7,299,146
SAMD11,1084,342
ELF3,419,226
TAF2,1488,705
EAF1,336,162
HP1BP3,664,327
GMEB1,696,328
TFEC,514,162
ZNF197,1317,605
RPRD1A,373,163
TBPL1,234,97
HDAC7,1209,571
NCL,894,372
PHF21A,848,374
SHOX,363,181
E2F5,431,206
YOD1,357,182
KLHL1,920,414
ESR2,639,264
TAF12,237,99
RIOK2,632,275
APTX,420,169
HSFX1,564,258
CASP8AP2,1593,1145
ARL2BP,186,94
L3MBTL2,888,428
CTCFL,895,242
FOXN2,427,201
ZBTB21,1274,509
HDGFL3,258,122
ELP3,703,267
SAFB2,1187,596
ZC3H7B,1234,589
LARP6,512,298
LGR4,1219,548
PACS2,1139,491
PCGF5,324,154
SUPT4H1,138,65
DNAJC2,762,328
COPS2,556,226
ZFPM2,1310,603
ZNF91,2392,656
RFX8,655,278
RXRA,594,271
FGF2,374,92
ZNF669,626,36
PREX2,2002,949
TAF4,1429,694
ELF5,320,153
HES1,388,173
PLAGL2,523,305
IRX1,615,306
ZNF728,1092,349
RBM5,1010,89
NELFA,689,323
HDAC1,582,285
GMCL1,644,304
FGFR1,1142,439
FEM1A,579,422
BAZ2B,2629,1255
ZNF777,1005,515
ZFHX2,3217,1559
ZNF121,510,229
KLF2,538,228
MAML2,1460,589
MAFK,191,95
SS18L2,87,46
SCAND1,232,116
ZBTB1,499,376
ZNF75A,691,315
SSH3,827,406
GTF2E2,344,171
ELOC,146,59
MAF,515,240
TBX21,572,332
CARM1,778,361
LOXL2,976,474
ZNF404,688,320
DDX39B,548,254
PPP1R12A,1249,553
MKX,405,216
PCGF3,276,147
PRPF6,1185,556
TP53BP2,1385,601
BCL10,200,129
COPS4,534,208
NAA15,1083,508
ADAMTS17,1404,676
RXRG,558,277
RORA,697,281
TBP,382,173
XRN2,1166,560
CAVIN1,291,245
CTNNB1,923,418
E2F3,503,201
FOXN4,653,318
PCNA,330,157
RGS20,487,144
CALR,513,207
L3MBTL4,777,310
HOXC9,246,166
SGSM2,1313,606
NEUROG3,186,138
BARX2,334,167
HIVEP2,2984,1455
TLE1,961,464
THAP9,1040,533
HLTF,1150,584
CCDC124,291,137
VPS72,254,124
RAI1,2170,1064
MAPK9,534,199
CXXC5,313,195
ZNF483,980,448
POLR2A,2242,1118
POLE4,150,71
MTA1,918,419
TOB2,279,207
MED1,1873,329
CDK11A,987,454
HOXD10,224,206
PHB,349,134
ZNF394,804,101
SNCA,206,63
UBA52,163,77
NFYA,435,188
CDK7,414,183
MAEL,531,226
NIBAN2,973,449
ZNF324,772,346
UTF1,340,228
ZNF572,478,312
TEF,364,165
HMGB3,268,119
ZBED6,747,584
ZNF740,201,114
CIAO1,409,202
FOXP3,607,235
ZNF433,871,360
CHD4,2383,1137
AJUBA,647,335
PNRC2,167,80
FOSB,400,178
SP7,338,251
SOX6,1025,485
H1-4,265,135
TLX1,424,214
PRR12,2396,768
SUPT20HL2,971,499
GATA4,569,271
NLRP3,1322,547
ZMAT3,480,165
IRF6,567,277
PRKCB,844,397
ZFP92,513,263
TOX,645,313
PDCD4,552,270
STAT6,999,441
ZNF10,740,336
CBX1,239,108
DDX54,1115,550
TULP3,646,266
CROCC,2551,1250
DLX4,215,100
NEUROD4,226,196
CASK,1193,521
NFATC2,1155,431
ZBTB10,1109,348
CTR9,1459,690
TRRAP,4882,2314
BBS7,847,393
