gene type,cramers v
BIRC2,0.36730938954988895
GBX2,0.8523113306624072
ZNF550,0.28457077682168724
ZNF852,0.5206677899378752
SUMO1,0.9065206272811208
CEBPB,0.7683397168961268
RREB1,0.6901475401101946
IER2,0.7553576582426932
ZNF134,0.27343438656818847
TAL1,0.6949767732538575
RECQL5,0.4918193462883573
FOXR1,0.6061567847517775
CERS5,0.6522232090744108
ID1,0.9095677114860286
ZNF623,0.49338961842433543
NKX3-1,0.40367948196290254
CHEK1,0.5351883521680642
CGGBP1,0.9457738135334874
ALX1,0.8720362866852336
PROX2,0.5297756235425697
CRIP1,0.9242928653757096
ZNF184,0.6803847713538252
DVL2,0.6775175529409557
VGLL1,0.6892439325272863
LCORL,0.5381481122399383
LMO2,0.7101609512661514
CHRAC1,0.8884449212497222
CUL5,0.8389102732949921
JRK,0.7991951255425856
PTF1A,0.7410644781888269
VENTX,0.6737725300402859
TIGD4,0.8614176251115161
ZNF32,0.9303815369183361
TIPARP,0.7261265589238344
DDX1,0.5054514668484253
ZBTB32,0.6598601769238103
FOXO1,0.5217070208922934
ZC3H18,0.5334627452157942
BHLHA15,0.6323413976054448
ENY2,0.6967075488033655
WT1,0.4827359366519289
ATF7,0.8985714864430078
NOC4L,0.8063514494262052
TOPORS,0.5069227941477593
GLI3,0.48169969026965764
TFAP2B,0.9541409749388816
PABPC1L,0.8129878447904266
ZFP1,0.35446159208977407
FOXD1,0.5968893340084496
ESX1,0.45567403241994275
DNAJB1,0.6735117306288855
ZFPL1,0.85023716120726
ANKRD49,0.86668263833729
IRF2BP2,0.5660728710981143
ACTR8,0.6923968021422527
ZNF331,0.4007001775253932
PCBP4,0.7823504152732077
MYOCD,0.6297115045762177
CBFB,0.946864784125181
ZNF385A,0.622888907179538
GTF3C1,0.5154232379707034
FEZF2,0.669785036367163
ZNF567,0.38197663131686754
ZNF865,0.5628772709382104
USF3,0.6696510541295837
ZNF426,0.23449113849699682
PRDM11,0.8805002405408493
PIK3R2,0.7951860064251899
XBP1,0.41398854063323604
SAP130,0.5849000600859222
ZNF614,0.3852573281671818
SMAD5,0.9525648563977104
IKZF4,0.6465334424777806
ESRRA,0.6125496530536603
RNF113A,0.6145025817932223
PARP10,0.34880141573527146
MAP2K1,0.907813917210964
ZNF496,0.7426858359855554
HOXC12,0.8262823897273618
ZNF479,0.37604655130882325
MBD3,0.5970113013136348
SRSF2,0.8447503838036435
ARID3B,0.4897583302036767
PINK1,0.5868840997645618
BTBD3,0.515030733977073
NEDD4L,0.3216971938675406
CDC45,0.5122390952891633
SAP30,0.6524155687683038
ZFP37,0.44445108497258257
RAPGEF5,0.573143345133424
TFCP2L1,0.8892838658191815
TET2,0.36300883171360304
ZNF705G,0.5407078350447666
RNF138,0.9374230954998983
HOXD4,0.7379778091663529
BPNT1,0.5947666522829093
NAIF1,0.9187442721427351
SOX10,0.5393210516985607
ZAR1,0.5018365544311784
KDM5B,0.4646703743673671
ESRRG,0.520030642477233
ZNF229,0.4491132670781753
MBD5,0.8242998951244432
MXD1,0.7325605420082395
CIDEA,0.8192622598825753
NKX1-2,0.631195677681157
PELP1,0.43195062452708133
ZNF490,0.4893806123884759
HSPA1A,0.89639395278037
TRIB1,0.8535641621858614
BOLA1,0.748291329276982
TNRC6A,0.5639244238957827
OTX1,0.8431924481783794
TBXT,0.8375498403917019
PCBP2,0.755277359520641
ZNF337,0.380691649264269
HMX2,0.8176393378848336
TNRC18,0.4136051120318656
ZNF561,0.253152448145553
UNK,0.9123215773151606
ZNF324B,0.5720827451945809
ZNF420,0.6804437588189703
IKZF2,0.6030440935245798
ZNF276,0.4586699764323044
NCS1,0.678857003350654
GRHPR,0.8378512129358029
SMAD3,0.6789771464997382
SQSTM1,0.5682043038571774
SSB,0.9188063590212348
PAF1,0.6734577360457262
VEGFA,0.5694561225139456
NFKB1,0.4830741492219428
RAP2C,0.9689514870404049
BANP,0.6005573768199534
MKRN1,0.598473749844797
TRIM28,0.4176607009230903
KDM5D,0.44690589555312615
NHLH1,0.9097742667574521
H3-3A,0.8718076093403754
PRDM8,0.6455665025370916
POU5F2,0.7160380481490914
TRIT1,0.5886492683378328
RASSF7,0.7655163458582882
RAPGEF3,0.5610819186760402
RC3H2,0.9191819016044283
AKNA,0.3549638966659792
NFATC2IP,0.6162602524893221
LHX6,0.5774121702235578
OVOL3,0.592727784838004
ZNF705A,0.5275063588949547
BHLHE40,0.8842325409029239
ZNF695,0.27119821904512825
HOXA11,0.788180909592899
MTERF3,0.6228596912174988
HELZ,0.8252251046583816
SMARCD1,0.9122867053010887
PAX6,0.5982066394617173
BRF2,0.812807630365083
ZNF182,0.40705798899423723
PRAMEF19,0.44590701460826104
CUL3,0.5835867747208052
LMO4,0.9773147833423445
CEBPD,0.7204080091224165
SSU72,0.7433045994949604
ZNF556,0.2645927037664001
ZNF764,0.5545404178754387
ZNF132,0.282398022146119
HNRNPC,0.7825095393619739
LDB2,0.9096228508195343
EZH1,0.5134941764754744
ZNF300,0.493123845305451
SLC4A10,0.6270136971262356
SMYD2,0.8699840853755643
DMC1,0.7330691785454414
HEY2,0.6544298525278411
CERS3,0.7196252105060624
ZNF625,0.3600715395807869
ZNF417,0.30906244564478513
ATF1,0.8876710236329386
H2AZ2,0.823787512036319
TFAP2D,0.9545767434123713
SNAI1,0.8305321703362794
ZNF84,0.5626935912304408
SOX21,0.9003535061557386
RIT2,0.8720375357452438
BATF,0.9088798508999979
HEXIM1,0.8310429004521239
ZNF34,0.2858612634892897
TIGD2,0.920475858254504
TRIM40,0.6866836968057467
HIF1AN,0.8615232616351045
ZBTB34,0.5927961514519251
SIN3B,0.6635383605925163
PRAMEF6,0.4202276996374478
FOXI3,0.5872196365585834
SNAPC1,0.8448212569967865
PRDM4,0.8995585147081794
CREBBP,0.6237134181222123
TRIM24,0.6393481393244136
DCAF6,0.6097186739754457
MEFV,0.4511859729706699
HSF1,0.7046384554027868
DISP3,0.5586215225459393
NR1H4,0.5003132708267417
ZFP62,0.4392783439122077
ERF,0.5881469198591458
C6orf89,0.4612017976391316
ZSCAN32,0.7153949011165289
ING4,0.758583172009535
TXLNG,0.7748383469869131
CIPC,0.8442694346837245
NR4A1,0.42080121512401236
ALYREF,0.6747084062050163
HOXA1,0.7663131234798757
GNL3,0.5977230119448008
RARG,0.4842268715653219
C1QBP,0.7926346113141598
ZUP1,0.6899524078572332
SIAH1,0.6360616967282088
RNF10,0.673236435874959
ZNF641,0.5271672810268325
RAF1,0.7909809601127434
NEDD8,0.9470052397365034
ZNF473,0.31369892419270334
PIDD1,0.46491926162173286
DMAP1,0.9107753362806065
ZIC3,0.8034470526785176
ZNF225,0.37804417399516194
HSBP1L1,0.7411748223784771
FOXD4L3,0.5343156247830689
JARID2,0.4575489551166514
ZNF532,0.8227520378313191
ZNF830,0.7031118880262156
CD36,0.5692129575503455
ZNF700,0.2684907996066256
ATF7IP,0.4394130583236394
ZNF582,0.38620455991228203
ZNF880,0.29235231052463667
RNF144A,0.7822613346876679
WNT8B,0.916538788046887
LPIN1,0.35534824022038913
EBF3,0.8278691183262299
RBM10,0.5081562065687272
ZNF280B,0.5646897296959845
MID2,0.8292603773464823
ZC3H12A,0.5824176874809863
IRAK2,0.7157688215260568
ZC3HAV1,0.5631603085808338
DMRTA1,0.6197005713282705
CSNK2A2,0.7530379562274134
FOS,0.7337838656399587
PSMC3,0.5277361581557989
DUX4,0.0
DBX2,0.6052326018698284
TRMT1,0.630477044001618
ANP32B,0.9100493777080514
DMRTC1B,0.35518597069692776
HDGF,0.48203410624488985
TRIM13,0.4897198307542933
SALL1,0.38369529398007357
SENP2,0.7558816716998986
NUDT5,0.7413499103650307
NR3C1,0.48618770167385367
PIAS3,0.681203593426693
LARP1B,0.40916115958365035
BRCA2,0.3958464139555594
HOXB6,0.9256816795918781
ZBTB38,0.6421263990253172
CARHSP1,0.8289087177872824
ZNF212,0.7359861209230213
PLXNB2,0.5920498561557017
MECP2,0.6159037789785315
RLIM,0.7325975210356912
ZNF676,0.3017456444875062
GTF2A2,0.93587897441456
ZNF444,0.5635442409655579
RNF6,0.7218333367429826
ZNF699,0.5075624335025027
CRAMP1,0.5528192746153128
NFIX,0.4496518913561432
HNRNPAB,0.716565823864503
KCNIP3,0.6558826415115013
ZNF737,0.3905607628512707
HMG20B,0.8421192760052394
CITED1,0.5288502983323569
ZMYM2,0.8073365325817159
RBM27,0.7401336962684868
ZKSCAN3,0.5463671108892002
ZNF768,0.400459478955331
ZNF787,0.8894996858962443
MYBL2,0.5381747123441478
MLLT1,0.8854670060621282
TFDP3,0.0
TRADD,0.519369854758673
ZNF629,0.8538445072955535
SMARCA2,0.6091375847523438
EYA1,0.47051996000502727
PHTF1,0.5582870820911572
LEUTX,0.3625272589650357
EP300,0.5405109098421238
TGIF1,0.5251764744728968
SLTM,0.8318378531492577
PRKDC,0.5652561338561867
MRPL28,0.8791062612881642
PIKFYVE,0.6632113930610297
BLZF1,0.7675605019322943
TOX3,0.586499393803334
TBX1,0.5608108691822815
ZC3H14,0.5054256139423806
FOXA2,0.637045241126211
KLHL42,0.792095182935547
UIMC1,0.5724386027036659
RNF103,0.9381596388366665
FOXJ2,0.786478798640863
BHLHE22,0.7295630028401995
PLK1,0.8724215628362482
CREG1,0.7756414504960996
MATR3,0.8914930882380587
PSMC5,0.6761534531657973
RUNX2,0.5598219935424218
RGS9,0.735785747566665
SFR1,0.5646905526339153
ITCH,0.48804724480487
ANP32D,0.5102596007183371
HNF1A,0.6244088466242906
TADA1,0.9262020756856707
TRIM15,0.4344486107394059
TMF1,0.5948027664151437
ZKSCAN5,0.6819601933607754
PIH1D1,0.8664370371087664
ZNF138,0.2521566055998117
ZMYM4,0.7150059973657141
ZNF781,0.27472952752857804
EN1,0.5168996757333296
PRDX5,0.45341745269379535
HMGN2,0.9478740583058203
RNASE2,0.5343975258229919
MEIOSIN,0.4013922861320554
SMARCA4,0.7925968710601659
ZYX,0.43774312167975155
ZNF214,0.7555569954709109
ZDHHC11,0.547278055318193
AATF,0.570839019746102
ZNF442,0.2599325590774727
ZNF670,0.4410446360176821
EEF1A1,0.7961419367674231
ZNF503,0.5585900296149335
OPTN,0.6791845817621233
PRAMEF13,0.3116056720575736
GSX1,0.8397042900339383
VSX2,0.922199733933119
TAF1L,0.0
LTF,0.36910328727588093
MEF2A,0.5573992467353177
DUS3L,0.5273422424963004
TRAPPC2,0.559373462823219
BUD31,0.9444595677139695
HOXA7,0.9215921010192178
KRBA1,0.34022144845671803
NRIP2,0.35441227109031104
PAGR1,0.8805893291512448
ZBP1,0.4310174964346573
RARA,0.5021607208509532
FOSL1,0.5947196176808505
CCNA1,0.41822078145544367
HOXD8,0.44686685009420374
MMS19,0.5768995739363519
PQBP1,0.8552149712642948
TACC1,0.318466348915143
MEGF8,0.5696958538386581
NRK,0.6595655543297229
ZRSR2,0.5939199944704991
TRIM22,0.4901604431279919
ANKZF1,0.7286558748601801
PRDM2,0.48472605372140587
ZFP64,0.5631705841352508
NR1H2,0.6455639347939017
CDY1,0.8865072128719551
POU3F1,0.7830226524672256
ZNF584,0.21801937298270055
USP47,0.5462676375921137
JRKL,0.9190976723273652
ZNF280D,0.47328736995540344
SMAD9,0.7474179337332361
BCLAF3,0.5289835448863012
ZNF618,0.5409953188579517
LTN1,0.4948160222296337
ASH2L,0.6184497847972427
ZIC5,0.5689382018910637
BMI1,0.9644874352794209
ZXDC,0.37199002511269386
PLXNA3,0.7476080648618879
ZNF223,0.5194624913898448
FOXD4L5,0.5340556490647906
ZNF362,0.9098604993395082
CDK5RAP3,0.5560223752482394
MYOD1,0.8948393284738063
ZNF706,0.91656181708009
AKT2,0.6637189477448688
ZNF836,0.4092545957387402
ZNF534,0.28506267750546327
CSRP1,0.7070986883041985
ZNF177,0.41104183223305973
PRMT3,0.6010063340948265
UBE2N,0.8402416608892204
ZNF518A,0.5745970750687032
ZNF345,0.5679820928036801
ACTN4,0.8950863854551381
ZNF513,0.5647358475799965
HEATR1,0.7348047964029822
HDAC8,0.7921820875717152
BAHCC1,0.4274435368497149
ZNF721,0.40902711309832335
ZNF660,0.6931747492596694
NUP107,0.49419819934575104
CENPB,0.7788400695135633
DMRT2,0.5028746247818255
ILK,0.6506830116387555
SIM1,0.9251935656072995
CHAMP1,0.5849949813881392
MUC1,0.3048795142290447
GATAD1,0.6449490132047019
RIOX2,0.6571076081019384
HSF2BP,0.8285217747272051
NKX2-3,0.6553116379043935
ZNF791,0.33795298088671
BTG1,0.9637624931646886
TFCP2,0.7686095568346157
MAFB,0.8837871499134599
ZNF71,0.46226661081348225
ZHX3,0.7034522348464808
MORF4L1,0.5591529050504779
TBR1,0.9460762041253109
RFX7,0.48532306867702574
FRK,0.4672168100253873
ETV5,0.8186129714202791
KMT2B,0.358976046201109
FOXK2,0.7898049899851476
CIITA,0.6279897200297544
CRTC1,0.4664032288764694
NFRKB,0.6461086758760467
PTEN,0.8764769062776586
LRPPRC,0.53254094655474
AEBP1,0.4287352865268306
NR2F6,0.53615404284594
NME2,0.9221429702520532
MED12,0.5505576086506307
IL16,0.6321425371444841
MSANTD1,0.5334404633689078
ARGLU1,0.9434018061467901
ZNF524,0.7235562601710097
SETD7,0.8859967626466264
JUND,0.6447748505529145
ZNF716,0.4441403241217836
TRIM4,0.6356131773852176
MBD3L2,0.5623643473260062
ASF1B,0.8737201263865356
MYCL,0.6046722128565472
ZNF140,0.46128121348110046
RPAP2,0.7332308791416468
SPI1,0.6778196688566864
GCFC2,0.39363724545075
MED8,0.9287334660878801
ELK4,0.7314604857315534
ZNF233,0.33819816332784464
DSP,0.33030363142664965
COMMD3,0.9459747927953225
GTF2H3,0.512943215876213
MYT1L,0.49678760359647745
ZNF608,0.5475565444324488
ONECUT1,0.8603627279701899
ZNF283,0.3277889277121873
DDN,0.7310438360413108
PADI2,0.9082061195250323
PHF12,0.9017552368190223
NOTCH3,0.5977016332771019
DDIT3,0.5261219010411553
MPHOSPH8,0.41632141190667965
ZNF594,0.6320628197244897
ZNF749,0.29965088768389286
SND1,0.9195157430952599
ZNF879,0.6265536871847912
RUVBL1,0.9200540171573863
SUDS3,0.9190355949014002
NR1I2,0.49981907436919354
MIER1,0.541164065099343
CDX1,0.8087563754815388
TRIP4,0.8612033719156245
TRIM32,0.6856253235533057
ZBTB46,0.8614299510449602
ISL1,0.9015680485931079
KLF16,0.6752540368822215
SSX2,0.500688735585275
SIX6,0.9356659609281492
NR2E1,0.5382895813566881
TNNI2,0.6866769171275321
GATAD2A,0.8149848578971803
UBE2D1,0.9230704249654478
RCOR3,0.6428449407919213
INF2,0.5453109452182829
CBX8,0.8806955816185345
ETV3L,0.545949671881441
KDM1A,0.44086250891017165
PRKD2,0.5761481730128708
ZNF19,0.40722864085260413
SUPT20H,0.7973275252162325
MED25,0.8052316186284616
BARHL1,0.9286443871193022
TBX19,0.8296742763580546
ATXN7,0.44823366636840584
GTF2H5,0.9427307913449345
ZNF285,0.23242290183241401
PBX1,0.6764393347025904
TCF20,0.3384043014310182
PADI4,0.7592545638582961
PHF14,0.5007429778191623
ZBED9,0.5348626612393897
ZNF592,0.6334686620607053
MBD3L4,0.5543023282024121
ZNF710,0.7075030010765955
JUNB,0.9063875682191428
SPEN,0.6343732588335586
ARHGEF5,0.3919726366941919
BRD9,0.566905318839917
ZNF146,0.6626963159368615
CDK8,0.955305844019019
SON,0.6516295757051327
THAP6,0.833960207728914
SDR16C5,0.7382127176738339
ZNF235,0.5146484298441926
DEPDC4,0.628628037458451
NFKBIE,0.4237531358586171
COMMD5,0.8901521767072321
BATF3,0.8791689670963383
MGA,0.5632127565455274
RAG1,0.7505112882322554
SSX4,0.4925406151299437
PDS5B,0.9195487327284486
KLF10,0.41023103206059786
RYBP,0.8486892308784905
SMURF2,0.8811861097019165
OTOP3,0.7658133086984771
GCM1,0.8242086291172503
ZSCAN22,0.6453984266919497
PKHD1,0.5653703655735716
FHOD1,0.6100767391168462
TSC22D3,0.5970123187987194
PMF1,0.6250580306233997
MED23,0.525724554095655
NACC1,0.6688410467694376
IRF9,0.4018607205809544
TRIM34,0.6073738791068793
NFE2L3,0.4436703002485365
DEPTOR,0.7329200416402077
BEND6,0.8850148641706453
HAND1,0.6263211021668098
SOX9,0.8323433022455962
LRRC14,0.8589914878690287
SP8,0.5584576457160887
ZBTB40,0.58327181354919
SUFU,0.8800483402415205
CCDC62,0.5130895475427298
ZFY,0.5911029757298971
RPS6KA1,0.4745899045590548
LMX1A,0.9323100795541905
TCP10L,0.35521542152718
GRHL1,0.8787407691229919
SLC6A3,0.8721501128365378
ARID2,0.837949598106433
SKIL,0.49809233176981055
OLIG2,0.7660041210818489
ZNF639,0.9221526561996082
NKX2-5,0.8588054384664733
ZNF585A,0.4565874143073153
ZNF778,0.2555701672942019
ACTN2,0.7747846169615222
ZNF343,0.3328164954725479
PRMT5,0.483690975138241
EGLN1,0.5263286895644332
DPF1,0.5165686360403391
ZNF727,0.3140476208923058
USP39,0.6068635039535841
ARNTL2,0.3485634792926724
ZNF454,0.33759131113695
ZNF689,0.8100606123102305
NCOA6,0.714105951486182
ZNF202,0.8341566371555841
TERF1,0.6971151341357509
PPP2CA,0.9482866068782317
NACA,0.4013618577542677
RITA1,0.49135294598685764
HOXC6,0.7619051375933998
TFB2M,0.6336815935445738
PRKN,0.6731536690891983
FIGLA,0.809266939266266
VDR,0.5628983781087776
ITGB3BP,0.623633186843053
GSC,0.8323297644769281
MED14,0.6561356929230382
ZNF28,0.28201314147561
SERTAD3,0.6520096933448206
CHMP3,0.7810888845051716
KLHL8,0.6688315182900826
ARNTL,0.5665949534939038
ICE1,0.4202130185370691
ELANE,0.7411281341911683
ZNF98,0.4646288808723677
ZNF77,0.22980870249684232
GMNN,0.7453278611143329
ZNF780B,0.275568337059841
CNOT3,0.8466105483142745
RFX1,0.6127609006827702
SFMBT1,0.8827400000886388
CREBRF,0.9091176576425315
KMT2D,0.4269133534292772
ETV3,0.8464930830674289
TRIP10,0.6316280115991306
RNF115,0.8019697223486923
SCX,0.7114852420789749
CSRNP1,0.5132326387212377
CAPN15,0.5067024073565557
EGFR,0.642920677331849
APBB1,0.4379809427483399
RGS14,0.72534604541117
NFATC1,0.4298750390600072
AIP,0.6342683454255656
SMARCAL1,0.5746627211472639
TSNAX,0.9129780837345538
TOP1MT,0.5290119720007556
RBX1,0.962648034183679
CBX2,0.7925555245613443
TERF2IP,0.6564016418685711
KDM4D,0.7471173022899061
TRIM38,0.6332822044178413
KRTAP5-9,0.5517969341568294
IRF5,0.582911024143393
SUPT3H,0.4169175590211384
ZFP91,0.4929383245230894
SUPT20HL1,0.5153505664264131
TLX2,0.6261224107135455
RING1,0.9043928390593322
SP4,0.5686119511723486
SOX5,0.437955844078753
MYCBP,0.966867938451491
RBFOX2,0.48865123086775264
PNRC1,0.7382250724564541
ZNF266,0.23637538212433232
CHD7,0.6211351028396337
ZNF430,0.44205040000256124
TBX15,0.683563543864741
DNMT3L,0.4808597590911234
CTNNBIP1,0.9476858759961273
ZBED5,0.6886552792796033
ZNF571,0.3566113982785613
ZNF7,0.2048760469936054
NPAS3,0.4912507370452312
NFYB,0.6300500827578144
ZNF397,0.719360369028228
HOXD13,0.6812227577685533
CDK11B,0.44638460939704605
TOB1,0.9016134280988524
REL,0.7077096938073987
DMBX1,0.6684768609390065
MTA2,0.926169110238439
PTOV1,0.6116032262142312
KHSRP,0.6107539392677679
ZNF480,0.2324895066596599
ISX,0.6051033965128927
COMMD9,0.7974699480979323
ZNF239,0.23095721160050056
TLE2,0.5075741531835322
BARX1,0.7551799967037562
HIVEP1,0.4455843401122563
MNT,0.7623824201817909
LCOR,0.4117585651918814
HSFX4,0.5030166797252604
FAM171B,0.825496479439083
ZBTB24,0.6788276512217886
KLHL4,0.8013663522731889
TRIM50,0.8155512773373541
PFN1,0.9372583390928456
ZNF24,0.9278681042648151
PIM1,0.933379294977226
AIM2,0.5418205224916981
MED18,0.936632851542524
CEBPZ,0.6174882833569832
RORB,0.6794654925487607
MTOR,0.8347110791098578
ARHGAP5,0.8789939750694383
NAA16,0.6944976029350366
FAM189B,0.5486409834342438
PRB4,0.46841973312663604
CCT4,0.6290013854155835
TP53BP1,0.4462167997828693
MET,0.6783374330192641
CCDC59,0.6948084109418581
ZNF407,0.4063410481175479
UBC,0.7138329602714277
TBX22,0.45189255809222595
ZSCAN4,0.6116689041305673
GTF2E1,0.9171733525123402
DHX34,0.7264449510208864
NUP62,0.6114924531093651
ZNF251,0.29490781580538217
ZBTB2,0.8827745016391424
SS18L1,0.7949636719695812
KLF1,0.5646028243480922
MAML1,0.44514231287431993
GTF2I,0.5501051708838663
BAZ2A,0.3892382954898396
ZNF774,0.4603697323366071
FGFR2,0.45941256711666284
ZNF546,0.3017294581063107
ZNF844,0.4006369756143262
ZNF519,0.31984402314667404
DPPA2,0.4962074593466537
EID3,0.4784337859044596
HDAC2,0.7017017269854022
KEAP1,0.9172002378112236
RBM6,0.6390679155971962
NELFB,0.5865416481306638
IRX2,0.7291720727182461
CHCHD2,0.734488318181503
MYNN,0.8936634827961332
MYSM1,0.6518424560377467
ARX,0.6697654802539624
PLAGL1,0.5773320522259161
HES2,0.8425404045414501
PARK7,0.7776850931343819
TAF7,0.902138968743914
SMARCE1,0.5181720745203562
SIRT7,0.8141043927327704
RXRB,0.7259268404716294
FGF1,0.9314004670643401
CNOT9,0.855102743950199
ZNF92,0.26072958294941356
CDYL,0.5467824504036247
ZFPM1,0.42972627336685415
DNAJC1,0.6263642556565255
PSEN1,0.45868704266244564
FOXE1,0.5713589961453964
PCGF6,0.6678870764790915
ERBIN,0.7746560692961474
AHRR,0.40520047725966724
WDTC1,0.7445288296103336
RAD51,0.7833621155791478
ZC3H7A,0.7492081140933526
FOXN1,0.7480319679176897
ZBTB22,0.6967416721607724
L3MBTL1,0.318521772508635
ZNF22,0.8597373066330284
TAF11,0.858667772395421
MYT1,0.5445944061536304
ESR1,0.6949744845585146
E2F6,0.510562310048946
TRIM56,0.7481547860472814
PSMC3IP,0.8789586249056353
PHF21B,0.49331979665037984
HDAC4,0.7545774239723
TBPL2,0.34716135838233936
RPRD1B,0.9589546244293059
DPPA4,0.3473257141616258
UBE2B,0.9705769359900487
GMEB2,0.6655122471618374
IRX4,0.5588341838657435
S100A1,0.5421442725591838
TAF1,0.6525477217480077
EAF2,0.7322731213125214
HES4,0.549838787965891
ZNF208,0.41514722441708896
SIRT1,0.6019001211478682
ZNF683,0.5803539709951991
PRRX1,0.9426617340573777
EPC2,0.9286371374841819
FOXS1,0.7223427025434778
ZSCAN2,0.5493858279517659
SS18,0.6923208760862268
CCNK,0.8186721118321127
ZNF257,0.4477231792745457
PSMD10,0.7306488411440692
ZFP69B,0.4907987629598759
ZNF124,0.3616752751876484
KLF7,0.4607445430382472
ZNF316,0.4398847750687995
ECD,0.7313103394715705
ZNF75D,0.5533591991044968
ZBTB4,0.6708367845681831
ZNF540,0.36558971718401434
HMGA1,0.8002221813476551
HSPA5,0.6382866807062658
ATAD2,0.6268872827484137
ZNF772,0.2198798002940257
STAT5A,0.5528235536767738
AFF3,0.5045825693782767
HIPK1,0.787591113719191
STAT3,0.7220249717507996
KDM4B,0.6209969729760753
ZSCAN5A,0.522817966225925
IRF3,0.7680761963856791
UTP4,0.8399095318954392
KCMF1,0.7864622619848171
THAP11,0.8808709106707378
GATA1,0.8281153930525568
GLYR1,0.7141272209147242
KLHL36,0.8553179112916354
SP2,0.6285947928353508
SOX3,0.6853094339370394
H1-1,0.6941613821646848
LRRK2,0.46004489107878543
HIF1A,0.5312362151016201
STOX2,0.8882297985890156
BMP2,0.9096915210685206
NEUROD1,0.9075226136099306
PARP9,0.3716326373796302
POU2F3,0.4885660879945556
DLX1,0.9554664169280978
MED29,0.564430692748029
CBX4,0.7952099130691275
CUX2,0.5891008934205367
MED4,0.6747839299051623
BRD3,0.850389505352497
FMNL2,0.7934863763417236
NKX6-3,0.881639585136372
ZNF391,0.7440705029266619
CDK2,0.8229115666359692
TRIM8,0.9485605924355344
ZNF528,0.3315595997805732
ZNF469,0.315080355953026
FARSB,0.8853491476608867
ZNF486,0.4132050971619174
TLE4,0.6047933858983788
TCF4,0.35621909785361033
TTF2,0.5484548296199304
CHD1,0.5953518288616217
ZNF260,0.5331983414939411
ASCC3,0.7384721559500221
ZNF436,0.4787773997300637
ZNF875,0.22319097641092572
ZNF577,0.3282541082848
ZBED3,0.6677723368849277
ZNF598,0.46150688860844713
ZNF354C,0.6667367495846553
NKRF,0.5904729595149207
MBD3L2B,0.5678230472588663
ZNF497,0.3660896684237032
MBD2,0.6924403734802893
OSR1,0.8038424465343259
HOXC13,0.796917095085112
HRAS,0.7774514823983133
ARID3C,0.6157467544194002
EDF1,0.9030548020817598
USP15,0.7510574617942423
ZNF589,0.30195695749139945
RFXANK,0.6633248645527653
GABPA,0.9380223438011759
ZNF566,0.5156507425429113
SMAD4,0.7978656270828398
IKZF5,0.9346907184868728
PLXND1,0.4764055878372951
NUP42,0.7551730600764935
TADA2B,0.6819813090715192
TRAK1,0.47875658936354004
PRDM10,0.37225532893538593
USF2,0.5941317577006062
ZNF615,0.27314012145930355
NR0B1,0.5969201215806172
USP2,0.535456935891423
NANOGP8,0.0
KDM5C,0.6322417060536547
EPAS1,0.8080980246495854
PID1,0.4912059809425193
SOX11,0.6889437347118182
ZFP69,0.45915921575435825
RAPGEF4,0.5146458971248905
ZFP36,0.5976703523629768
MAGEA1,0.26906315721400725
HIC1,0.5938539607206026
TAF1A,0.8300350553969598
SCRT1,0.861134100812444
TDP2,0.44034887847510984
BTBD2,0.5970609905630913
RNF166,0.9024465774409346
PATZ1,0.8682516451075121
TRPS1,0.45603679018911675
TET3,0.4644156214070961
BCL11A,0.7401925340029509
ATN1,0.6411129687741143
LHX1,0.9450103363795909
PAX1,0.5217712498353403
ZNF219,0.7056437487478653
ZNF286A,0.33295617437098685
SRFBP1,0.7783958503816207
MTERF4,0.7834396105178058
HAT1,0.9544729986562308
ZNF692,0.48830289449748165
DUSP26,0.9199895887906969
LMO3,0.47451269744307445
CBL,0.6946288893577919
USP22,0.6118850473655989
RBL1,0.8877871316825646
ZNF358,0.6311184467200915
DVL3,0.7989224161221972
ZNF185,0.407799136649792
WASL,0.8435229059517617
ABT1,0.6488525076073363
ZKSCAN8,0.7333448767129785
HNRNPD,0.6484359241251841
ZNF135,0.22908251519577935
YBX1,0.9385392821977038
ZNF763,0.30362857721323294
ZNF551,0.2938834532334058
ZNF853,0.5579163598041811
ZNF410,0.5147877219517186
CERS4,0.5947477540431659
ZNF622,0.707829626210757
WWP2,0.5951125353605582
SMYD5,0.9340579813664308
GLI2,0.46779341167032484
TFAP2C,0.8439981367564474
ATF6,0.4950682234718514
LRIF1,0.690311219902969
SCAPER,0.5119466369385444
HOPX,0.5573205432586796
ZNF83,0.2317822998283334
TRIM47,0.5523336567552903
INO80,0.44532227435387195
TIGD5,0.5218499439722892
CDC73,0.8482568214868199
HYAL2,0.6159407926475453
CREB3,0.5936415815189443
NIPBL,0.6820456716364137
ZBTB33,0.7849029815107292
PHF8,0.6248742320372302
ELL,0.7797390144451684
ZNF133,0.2669245052270797
ST18,0.4958398988692215
PRKAA2,0.884246415175173
ZNF557,0.3647359002910905
CEBPE,0.8988507147542862
ZNF765,0.35789237107310107
BIRC5,0.7765505482687307
CERS2,0.7461247698209889
TEAD1,0.5464915710315583
ZNF624,0.5167929208668778
ZNF416,0.33079861865077415
SMYD3,0.5853988246994769
SCMH1,0.4721930834493455
REXO4,0.4934916270385927
PPARGC1A,0.6350094467331326
PAX7,0.7772117517895788
CCAR2,0.8672792599219366
ZNF449,0.7116597248955787
EEA1,0.8886944151645235
GABPB2,0.7363834495544851
MTERF2,0.8049841067870985
HOXA10,0.4839432464639956
CUL2,0.5222055632649171
BNC1,0.4997288149243543
TIRAP,0.531348808623588
RPTOR,0.77302747848429
PRAMEF18,0.44256712569479095
ZNF35,0.5659316352320333
TIGD3,0.7931176418921624
PCSK4,0.648747047526855
TRIM41,0.7319717413387812
CREB5,0.5008801938587731
MALT1,0.3898329131363185
MRTFA,0.3508990183167731
CCDC17,0.43820600787026415
MAZ,0.5810061896412743
FOXO6,0.8106556020398274
HIF3A,0.5375865935718097
FUBP1,0.928880024219289
DYRK1A,0.545945457370577
GLI4,0.5045371294104612
TFAP2E,0.7320882461796739
PHC1,0.5071040737461018
ZNF85,0.3146780455537133
PPP3CB,0.902179871876867
KDM6B,0.5321218067840253
WNT4,0.9420506756176249
ZNF862,0.6837280477778405
ZNF560,0.3389388101300447
HMX3,0.7012982637358728
ZEB2,0.501781372380511
NKAP,0.7545157701353147
PCBP3,0.7074801646983521
LIMA1,0.46845431714653074
IKZF3,0.5094784682770066
ZNF277,0.8297441849727402
SMAD2,0.7545346968188216
FOXQ1,0.633322993111876
NRBF2,0.6053261342826881
ZNF613,0.3679824663419669
PRDM16,0.6032929383361828
MBD4,0.58722705709851
RELA,0.7488673907340693
MAP2K6,0.6114694724624337
POLR3C,0.8738276372656819
ZNF491,0.3233440323344945
ESF1,0.5816993488113081
GSC2,0.7422189396922567
FHL1,0.6205044472654356
ZFP30,0.4394725519458147
SUV39H1,0.570373993364239
LMCD1,0.6764157218207669
CBLL1,0.8663695864867395
SKOR1,0.3942718239449742
MBNL1,0.7222782731136611
SATB2,0.6200064975066452
FOXL1,0.752781576238364
TAX1BP3,0.9572154429083826
CREB3L1,0.8478279056142092
BHLHE41,0.759146575182235
TCERG1,0.6633934870619999
OVOL2,0.6803612903279971
ANKRA2,0.9429488314584576
KMT5A,0.8320009879362187
WWTR1,0.8623980503077661
LIN28B,0.6074592039118856
KLHL21,0.9215274065720993
FOXG1,0.6301154984748379
ZRANB2,0.94092040610636
HOXD3,0.7903856519303739
NSD1,0.47548745783247665
TRIM29,0.8082529820306671
MYBBP1A,0.4918373293249023
PRDM9,0.5391256384688956
FGD1,0.8707430266480148
ERCC6,0.5084795207115568
SETDB1,0.6197617667161094
SOX17,0.79227977731178
SETD1B,0.5800338339769046
PIAS2,0.9189283092423928
TBX6,0.7070728435327058
TOX4,0.904184216186076
SEMA4A,0.42309903728445425
KDM3A,0.6660117262621189
HOXB7,0.9153301740972325
XPC,0.4702831029676386
RPS27A,0.9461954119625561
ZC3H13,0.6197310405482166
PHF2,0.8187241738896041
ZBTB39,0.8483823433110448
PSMC2,0.944967952363266
EXOSC9,0.6627597792064286
ZMIZ2,0.48343374553731533
ZNF66,0.37590259020132993
RBBP7,0.5835602568416461
DPRX,0.6575356457306009
MYF5,0.8941347245935176
ZNF786,0.28409475837952575
ARID5A,0.48540845216147993
CHD1L,0.42433121012163605
RBM26,0.7646620059667569
ZKSCAN2,0.6409486508989914
RLF,0.6757277610551794
ZMYM3,0.6669587982210474
GTF2IRD2B,0.518313226836325
SFRP4,0.9038525842048899
ASH1L,0.6577006966034936
TFDP2,0.4440650820460158
UBTFL1,0.6418199194918791
ZNF628,0.45069874869687143
CCNT1,0.7378568880874535
SLC26A10,0.4031541871947022
ZNF677,0.40078573399117057
ZNF445,0.5720923483274516
ZNF213,0.7199083242242621
REST,0.5068416401427992
PLXNB3,0.3126517245958326
ZNF160,0.2662177079006015
CAMK1,0.8948008426589459
PRAMEF14,0.4563593306604655
SREBF1,0.4658890775842727
DACH1,0.48286352589609993
KAT6A,0.7342629859744525
KCNIP2,0.46747109142983584
MAP3K10,0.6718581799060825
ZNF736,0.3100758733240707
FERD3L,0.6776619440994456
NLK,0.910681072026617
ING5,0.8144891189551557
SNX6,0.578817682706904
JMY,0.6531101205328621
TIAL1,0.7018448650845026
EMX2,0.7573377596306259
ERG,0.5134334679075035
MEAF6,0.7693065654189866
ERBB4,0.625362259565272
FOXB2,0.7445891490587816
GTF2IRD2,0.5610437831543512
FOXI2,0.700234634775227
NPM1,0.8235970008522904
SLC30A9,0.6407646064581642
CC2D1B,0.5305141718386421
PRAMEF7,0.4094809308356996
NFKBIZ,0.4469820419856283
ANKRD1,0.9064325844218656
PITX1,0.8510157013863876
RBPJ,0.4350375420502002
PRDM5,0.7129728011175429
FBXO41,0.7684255944423817
NRL,0.8941319505555828
YLPM1,0.5444107035074451
TRIM25,0.5604940804302433
POGZ,0.43123712189319396
EBF2,0.9277469100811471
RAN,0.787343299169779
EME2,0.5456585158004373
ZNF583,0.4295783216443318
ARRB1,0.8892726116553826
SP140,0.4007964240580853
KRBOX4,0.6299512196175966
PPP1R10,0.8149953955123507
PSIP1,0.9174777545511847
IRAK3,0.3403420785924865
ZNF280C,0.48612791515592974
ZNF224,0.3573654698849713
PLXNA4,0.8861821044970762
ANHX,0.6979328975195135
ZIC2,0.8988960803660864
ZNF831,0.4232824003584104
CAMTA1,0.7150614212593848
ZNF701,0.2977488951164035
ZNF157,0.6764401008901245
ZNF365,0.8161502816973673
EGR1,0.6621232705244772
RNF135,0.45948838621327587
HOXD9,0.6696491094624177
DMRTB1,0.5029464122459752
ZBTB7A,0.7269331293280629
PRAMEF1,0.46504881685092614
NR1H3,0.4391745859774062
TAF4B,0.6182156836282399
TRIM23,0.939239881174084
DCAF1,0.8860234188645874
ZNF57,0.22605416455238533
ING3,0.6796009660483604
SUPT7L,0.6343380224014851
PDLIM1,0.8716524754215458
MLX,0.6060806674306197
ERBB2,0.5163836088999394
UBP1,0.8174789146932626
HOXA6,0.9405927017013825
PLXNA2,0.8888460183745563
ZNF222,0.3239826786089051
ZNF474,0.8046272306354021
ZIC4,0.4153588616760102
ZXDB,0.4083521608169543
ZNF646,0.6315478094005913
ACTB,0.7344161140800544
ZNF707,0.4853885419846361
JUP,0.9215907763433553
H1-10,0.8368215617690149
ZNF837,0.47923885928611604
COPRS,0.542096740965167
FOXD4L4,0.5421583808713323
PRAMEF25,0.38253170219215604
RTRAF,0.8814342658937993
EBF4,0.6813075437550755
NIF3L1,0.6314345041025168
ZNF619,0.2036473410953104
SKIDA1,0.47986125688863
MRGBP,0.8986196911189371
ASCL1,0.7344463606428941
ZNF292,0.6900816347545716
PSMC4,0.7143330141728464
RUNX3,0.4409198811367249
HELZ2,0.45919138839756557
DEPDC1B,0.8890564776576612
BHLHE23,0.5321142303648441
FOXJ3,0.734912503415165
TRIM14,0.6133194781085126
PKNOX2,0.940493162613338
CFAP20,0.9469093337807134
FLNA,0.6178843496047813
TWIST2,0.9479753474085975
ACTR5,0.6435294825802307
ANP32E,0.6635229574045219
MGMT,0.48366141923786543
KCNH8,0.7222300358205507
KAT7,0.6202704363342407
TOX2,0.5451933796588415
PIAS4,0.8736575889571828
TCEAL1,0.6975093645658801
ZC3H15,0.9426690230977742
WWC1,0.8148419087573485
HOXB1,0.6422777853869891
FOXA3,0.7093548797845387
RNF20,0.8832182059742515
ZNF443,0.39094609843197214
ZNF671,0.3190334052470692
MYEF2,0.5376903942105149
ZNF215,0.6107243765297885
ZNF189,0.6274277630828468
SGK1,0.4030265047152296
PRAMEF12,0.40779853548717204
PPP3R1,0.5352851578597225
KNTC1,0.7815657512964261
ZNF730,0.3817315523390051
ZNF800,0.8612665978180551
ZNF502,0.4642692534370151
KCNIP4,0.4622090950741043
MTF1,0.8052426580646306
HMGN3,0.881297565325214
CPSF4,0.8230697221931867
ZMYM5,0.587062659204356
RBM20,0.5212986522169761
ZKSCAN4,0.6692777726176591
ZC3H11A,0.7499355384074788
TAB3,0.72507047976815
SMARCA5,0.8706315830601513
MLLT6,0.5923880669917989
ZNF282,0.7457914842145726
BSX,0.9168458442492571
SMARCC2,0.8231894856182957
EAPP,0.8406616897575004
VPS25,0.9335525462479793
TRMT1L,0.5303312369627088
GTF2H2,0.9284143212001488
ZNF609,0.8970727408076772
RBPJL,0.8141003384671541
NOTO,0.4995000186194598
ZNF595,0.3753510092246761
ZNF878,0.3100729915318396
HCFC2,0.890413463674852
NOBOX,0.2854022179264338
NOTCH2,0.8677022734831072
TONSL,0.5911397662453416
ZNF141,0.461657305074139
PPHLN1,0.385798020206727
MED9,0.7600960022229848
SETD6,0.3808972921651619
ZNF525,0.2621789611754127
PPM1A,0.6779861689280743
ZNF827,0.7422719214215794
TRIM5,0.4984130356645625
MBD3L3,0.558889114611977
STAG1,0.8837723406077453
ZNF717,0.3262772129807127
MAPK1,0.7606493561359218
PER1,0.5275434945437996
NFKBIB,0.8093402377576456
ZNF232,0.47783794460913664
XIAP,0.9030339369569844
NANOGNB,0.4291073431334885
THAP1,0.9110608381823407
DHX57,0.7164041347017548
ZC3H6,0.6755182668575237
ZBTB18,0.6741157188004249
RCOR2,0.8612163440480117
CCR7,0.6459391936871515
KLF17,0.5268187387369916
SSX3,0.48014495956642794
MSX1,0.8494352464259323
TFB1M,0.888702842710474
IFT74,0.9140346938251501
FLII,0.5140188736713268
TSC22D4,0.6253577415317125
CREBZF,0.5698167071923386
MED24,0.4774272606469428
CDYL2,0.7097217839959827
ZSCAN25,0.607627210828879
ZNF18,0.5749853509396043
TXN,0.806903739948307
TRIM33,0.7816617206550448
TSN,0.6642408130659634
SP140L,0.43360198250694704
TSPYL2,0.46804484559623444
ZFAND3,0.8236158922369412
MSGN1,0.8714857016390275
JUN,0.7959601552179415
CTNND1,0.4617004449684767
NR1I3,0.45079442331765585
EHMT1,0.48114238420355837
LRRFIP1,0.4077911623555731
DUXB,0.4564960083930767
ZBTB47,0.5126284074432927
AKAP17A,0.8468759946615174
RNF125,0.8446289122413367
HLA-DQB2,0.5404687204276597
RHOXF2,0.3548970119313645
TCEA2,0.5738488759299865
YAP1,0.5420473732511254
ZBTB9,0.567524215311811
HCK,0.48621811083526306
TRIOBP,0.3921372091541193
NKX2-2,0.9364202120725498
GTF2B,0.9365693478600441
HSPA8,0.6946416379771047
ZNF790,0.4466887563340994
DNTTIP1,0.8518056147021249
HDAC9,0.6780562287616978
ZNF512,0.4804417409961343
PURA,0.7773616953531526
BCL6,0.8105166393173935
ZNF720,0.296279820643994
PRMT2,0.603643444033237
UBE2O,0.6170170181944785
MST1R,0.309823474206591
PMS1,0.5196239406204146
PKM,0.47151381784482965
ZNF205,0.6515206286624334
SCML4,0.6427206211675915
PRAP1,0.5564321473386984
DMRT3,0.6092042051397967
U2AF1,0.9043219029581041
NCOA1,0.6655197448300832
MAPK14,0.8510173760644573
TMEM260,0.851191243532281
REPIN1,0.582363883274882
LYAR,0.7130502094789981
RALY,0.7507299918657308
MLIP,0.4446748342875687
ZSCAN12,0.37002665908528193
MED13,0.8351038591193296
RFX6,0.7963288408825391
NFIA,0.5406883980692652
PKIA,0.9556349030529508
CNOT4,0.7821737534788907
ZFP42,0.5976412774128403
ZHX2,0.7712879629825833
ZNF70,0.5694614865722568
JMJD1C,0.40511532210791656
RNF112,0.7531090544638253
POU6F2,0.43114078772658004
AKIRIN2,0.9382590174345877
ETV4,0.49454798147538914
BDP1,0.47373953584174233
KMT2C,0.38298528837618745
RFPL3,0.4376684946476145
ZNF726,0.3266641827629891
PURG,0.5305258279361307
KHDRBS1,0.7748925692993033
MESP2,0.61549382941194
ZNF816,0.24966113999702244
ZNF514,0.8160048292381056
TSTD1,0.6178193386829246
RELL2,0.9065440664783703
UBE2I,0.8749709721371971
TGFB1I1,0.6181928641580071
ZGLP1,0.3532789827809347
SCML2,0.6172700901008686
WDR5,0.9074748313715932
ZNF688,0.5095649668219041
ATOH8,0.6383651095240568
FAM200B,0.8500413547064912
ZDHHC1,0.6187885516931259
NCOA7,0.5238917426253119
RUNX1T1,0.39730716074669253
ZNF667,0.5571556814242731
ZSCAN9,0.5799900926152115
IKBKG,0.6268737571858469
OLIG3,0.8045079650169861
ZNF638,0.7147485306531405
MCRS1,0.6474440058223765
ZMYND8,0.42958917782864564
ARID4A,0.7509314098937733
NKX2-4,0.6302368976743712
CNOT2,0.9755311233251948
DACT1,0.562924175043045
PKIG,0.9154517081986889
AURKAIP1,0.6128838092071276
DGKQ,0.44939551790584403
ADAMTS19,0.4989747617713646
ZNF99,0.2667278614790347
PSPC1,0.8665556062959833
ZNF76,0.8633351064838992
RNF114,0.684906909775461
AGO1,0.7351758783387453
TRIP11,0.5925929522408567
KMT2E,0.7910041126406477
ETV2,0.4313251044640088
SIVA1,0.8276293364510612
SGF29,0.9321721235309501
EP400,0.4671608281616143
MAPK12,0.7564885472909529
NR2F1,0.5964928543226178
NUPR1,0.6059687566337606
FER,0.8003262961086621
BRPF1,0.7587845256186019
CNOT6L,0.6403796561828232
SERTAD2,0.6839104918025771
KDM2A,0.6680235532810074
CASZ1,0.6520957500223569
MED15,0.4730093935694363
BRD8,0.7666972703556888
CDK9,0.9384507843844648
SARNP,0.9259321743675124
PRAMEF33,0.4493546115748249
ZNF711,0.5470059162029408
KPNA6,0.9228358509285984
MBD3L5,0.5674736061710062
MEIS1,0.6041844824246636
TRIM3,0.5136658337824869
ZNF821,0.6433372489304184
NFKBID,0.4371076478411519
VAX1,0.8373235214690914
DDB2,0.6848220935796749
ZNF462,0.6847899259011119
RBCK1,0.6612650826163256
MAPK7,0.6133985469779487
NUFIP1,0.709293170024069
COMMD4,0.6755996845524259
BATF2,0.46486166839724696
THAP7,0.8323002518363126
DEPDC5,0.6137572088711979
ZNF234,0.37538000945420424
ELK3,0.860126275525494
ENC1,0.6881567849811963
ZNF284,0.3697966371250435
DNMT3A,0.6249828775078363
GTF2H4,0.8382013817285231
TBX18,0.6811421612732012
ZNF891,0.5256888096410967
ZNF593,0.8043636942427153
TCF21,0.9522521619094712
NOTCH4,0.5770356858501118
ENG,0.49172035736394715
INSM1,0.551694696383771
TRIM35,0.854784991424164
DNAJC21,0.6982928789928636
NFE2L2,0.47066994933039674
ZNF41,0.5538680480424146
PIR,0.8863963313266016
AFDN,0.5449274710488528
ZFAND5,0.9760735094858158
IRF8,0.7980949848810798
ZFX,0.5359015860885034
THYN1,0.6426776090974762
THRB,0.6604563271209055
SOX8,0.7583634286418691
SP9,0.9283468009169492
BTN3A3,0.507265480758659
ZBTB41,0.7450317556092725
POU4F1,0.7492030292793066
WDR75,0.8357509667887317
SSRP1,0.9200667114816965
MCIDAS,0.7447704600789625
FOXC2,0.8293316063775712
NAB1,0.8939485248817892
SSX5,0.3827456828149118
SIX1,0.9480765652697242
SOHLH2,0.7605136129034924
KLF11,0.42351073770124825
BRWD1,0.7264070804244841
TSC22D2,0.6442807546471849
MED22,0.9018446372711376
ZSCAN23,0.6745775982892626
AXIN2,0.7101418713735407
NFE2,0.7694091448483802
DHFR,0.9016216619840931
GTF2H2C,0.9290588679317064
NR1D1,0.6999212890480577
DEAF1,0.8229261865576678
GFI1,0.7854641780868011
SOX30,0.46271495441009236
RORC,0.5669830420944023
NR2C2,0.5582205246427114
PPARA,0.8794848245606831
PCGF1,0.9512816114515853
FBXL19,0.5799409426691117
AHDC1,0.6992796413313326
ZBTB25,0.8838500526282055
ETS1,0.6578855586350768
ATRX,0.5437589262707964
NEUROG1,0.5582749392102233
PTPN14,0.758979122453798
MED19,0.8893922700693773
PKN2,0.7866280220358944
KLHL5,0.42814420398461833
ZSCAN18,0.32435769319517477
E2F1,0.852552502817409
ZNF25,0.5024962738922774
IRX3,0.683297739355656
PRMT8,0.6170455447931782
CHCHD3,0.8035272015853521
ARID1B,0.3340638305866404
EID2,0.6852038165979977
HDAC3,0.9504373087403671
EZR,0.7833666781706616
ZFP36L1,0.925039934211268
USP34,0.641848918695151
TENM1,0.7921849807998567
SIRT6,0.7990338423860334
ACTL6A,0.6450533235261174
ZNF684,0.36251376586831097
HES3,0.8259180159676444
TAF6,0.4129504305198235
ADRB2,0.8794535046218791
GREB1,0.6780612276234942
SSH1,0.5718624177470478
UBA3,0.5900061771496251
ZNF250,0.3339575685991415
UBB,0.8463041456901836
PYGO2,0.6696920179408958
PYCARD,0.7179662027749631
NKX2-8,0.7733738667653564
ZNF775,0.5811401995080956
ZNF547,0.25150621974833803
KAT2B,0.658070612222042
ZNF845,0.3990678398295947
C1D,0.5361846377513559
ZNF311,0.5366570341833563
ZBTB3,0.4511180471465656
AIRE,0.46903496372946046
IRF4,0.7689128628483424
ZFP90,0.7832379693669278
ZMAT1,0.4948923910687182
AFF4,0.7421958053984841
NR5A2,0.5302342191583446
KDM4E,0.7808902735529765
PHOX2B,0.9077115872372811
STAT4,0.9079713840149791
RBMX,0.8587763351237087
TRIM39,0.775273964805426
YY1AP1,0.30190457109282237
H1-6,0.7147633570587792
FOXF1,0.6110082867820004
SP5,0.7725674407208859
SOX4,0.7184003712521826
LENG9,0.4601931932459989
GATA6,0.6304538675544161
SRC,0.5635648183849444
TLX3,0.9454935894191406
TNP1,0.8996386553390918
CRY2,0.417211994241265
NEUROD6,0.9527887387285578
MITF,0.47586993810232203
FOXM1,0.5909369594107595
ZBTB12,0.8950915172130827
ZNF804A,0.6707794617053462
TRIM66,0.45877433063380074
ZNF12,0.2870186059885995
NANOG,0.5264394983636729
CBX3,0.9057164334795167
LBX2,0.5508570546527055
TULP1,0.45166882120301
TUT4,0.4766748711550324
DLX6,0.46692116670003897
MTA3,0.7276324208360295
ZNF396,0.7519100767428184
NFYC,0.7577706808913175
CDK5,0.7860181655565269
TNIP1,0.5566489878319818
BRD4,0.7055716790072827
ASXL1,0.3006444461802604
HOXD12,0.8272677645842964
GPR155,0.7051517237050257
UXT,0.6007620684199383
TCF3,0.49379142068589454
TLE3,0.4857044406163187
COMMD8,0.9213862652429321
BOD1L1,0.5647974117801414
ZNF431,0.37417447455316394
NFAT5,0.5739882258136935
FOXP1,0.447267796261163
CAMK2D,0.8319908631382951
CHD6,0.7310654273557526
ZNF267,0.31738373748078524
NPAS2,0.8327311901225702
ZNF326,0.69631020160756
LIN9,0.5148308927324148
ZNF114,0.2948823997517576
PHF19,0.5747483106761254
ZNF570,0.3254204605918388
HMGB1,0.9377826491208787
ZBED4,0.6326558198369315
POU2F2,0.6202775964123683
ZBTB14,0.6796286131245197
CBX5,0.9633366773182798
PIN1,0.8133347822848298
ZNF14,0.39260730937172317
TSHZ1,0.4206622820199248
ZSCAN29,0.7016979249623861
TCF7L1,0.700689826612825
MED28,0.8777228003958429
CUL4A,0.4830584527877918
GLIS1,0.4939675925564319
POU5F1B,0.0
IRF2,0.9208207047438342
ARGFX,0.38714055713279927
STAT2,0.6161043691704673
KDM4C,0.7844613271495571
AFF2,0.4868441781902904
SP3,0.4355588971012879
SOX2,0.5371861112097182
PRICKLE3,0.6012377832162537
PTTG1IP,0.5566551848477161
NELFCD,0.48544665520130514
TARBP1,0.3771128058913515
ZBTB8B,0.7364948754264481
EVX2,0.7321853429371006
ZFR,0.945875203368463
ELOF1,0.5455479333392903
THAP10,0.7984494124270946
ZNF605,0.4372856521146561
GTF2F1,0.8357820032982197
HHEX,0.6105827770528579
ASCC2,0.5941183691968479
ZNF354B,0.5497551940851441
ZNF112,0.3939047143363341
CTBP1,0.6570577448962074
ZNF320,0.2832415412335841
NPAS4,0.741128646084794
ZBED2,0.7564295075813249
ZNF576,0.8585684102412035
SETBP1,0.7742616378427932
ZNF599,0.37304438387793565
BAZ1A,0.6922926168710097
TRIM9,0.8125223423730826
FABP4,0.9175957771166734
ZNF529,0.3140518361387453
NKX6-2,0.8927795582452441
MEOX2,0.8990553903396994
BRD2,0.6080563750468795
DNM2,0.8244950854506593
TLE5,0.5860973106892764
BACH1,0.6738534695304632
ZNF468,0.3628303701562204
ZNF487,0.372791920103351
CXXC1,0.581820981459403
MAMLD1,0.35382006769427465
RNF141,0.9253287423206384
HSFX3,0.5062330809165702
ELP1,0.5431413256030929
HDGFL1,0.6793652126515051
YY1,0.8007986037425613
DTX1,0.7362430953029718
GTF2A1L,0.5917403181215259
TAF10,0.8918436340814033
ZNF23,0.3069387219844765
E2F7,0.7194782512166328
KLHL3,0.570994514632952
ZNF93,0.25651736633689926
AP5Z1,0.702784024631301
BCOR,0.6367309998824923
PPP2R1A,0.9421696746520258
SMARCAD1,0.6127806334648725
CNOT8,0.834029896491854
PCBD2,0.8560040031960218
STRAP,0.6780153400099797
PXN,0.5509103278177304
PPARG,0.5286618474614565
LARP4,0.49344901612800746
NCOR2,0.4228992292849013
PRB3,0.44580601794532915
ZNF256,0.3909244332238916
DHX33,0.7557881389636516
PSMD11,0.9559868638884359
BLM,0.47075079914394247
U2AF1L4,0.7044708972455354
JPH2,0.7487639484453525
ZNF843,0.0
ZNF541,0.5222419615969541
ZNF33A,0.36555588444476805
ZNF773,0.24507113308874795
KLF6,0.7791090801757389
ZBTB5,0.9172422481742644
ZNF317,0.45157629665314536
PASD1,0.4497122704714022
ZNF195,0.27290453641637924
IRX5,0.8456223942867606
NELFE,0.5122368220096335
PHF5A,0.9470045538797615
HDAC5,0.58484799070727
ZNF682,0.23730046311942882
UFL1,0.9175226828082322
JADE1,0.7009945351123262
ELF1,0.6648293247687116
ANKAR,0.8763658384716739
HES5,0.813795956809419
SOX14,0.9624564943356311
SETDB2,0.578742439279904
BEX1,0.5294577093328335
PBXIP1,0.42942654280663367
MKRN3,0.6092668131339899
NSD2,0.6459273647027708
USP7,0.3965781320143947
WIZ,0.4778633157080755
PRAMEF8,0.41490163437864086
LIN28A,0.9247723566432977
KMT5B,0.7924088590821462
RIPK3,0.6141211441812874
OVOL1,0.925436432639308
LHX4,0.9478950380168537
CREB3L2,0.8636188886861424
FOXL2,0.6263744993652901
CHAF1B,0.7370309287041064
SATB1,0.8801045714969334
MBNL2,0.8798607465665507
SKOR2,0.7847998361098952
AHR,0.502984303675575
FHL2,0.8655628686114086
SUV39H2,0.694731873922702
SRCAP,0.3863688265473671
TAF1D,0.512706170908001
TRIB3,0.513077749464847
BOLA3,0.652764805996765
SP110,0.5400805020808143
PKHD1L1,0.749339892536467
CBFA2T3,0.4818511411003936
AMOT,0.4987485797346061
PGBD1,0.6331815614009472
PARP14,0.568057530042366
TP63,0.6021298386320411
ZNF492,0.3696864433586576
MAP2K5,0.6207419862779516
ZIM2,0.3434314470001609
HTATIP2,0.5474561946161438
TTLL4,0.4006005409031566
RELB,0.44357138639970195
MXD3,0.7941413730106993
PRDM15,0.47802953615525495
ZNF610,0.24732030171595765
DYDC1,0.8674598180191463
SMAD1,0.9263070733766321
ZNF274,0.3423065867376631
PROP1,0.8032519045262462
ZNF335,0.689930544593549
LGALS12,0.4299953863730863
ZNF107,0.33046895955239103
BRIP1,0.5486196433672498
GTF3C5,0.6147651224978371
ZEB1,0.4429979663357136
TDG,0.5003742035873227
ZNF563,0.37882647595362684
KDM6A,0.4427264716151082
MBTD1,0.8282500020328628
ZNF69,0.3856101076626692
DNAJB5,0.6131635608625118
PKD1,0.5274197976096784
PPP3CA,0.713190185882769
SNAI3,0.6975557772917567
RBBP8,0.6699848727728013
RWDD3,0.867391922055466
TAF7L,0.4762896770446637
FBXW7,0.4856966925107243
CENPT,0.5391925384247196
OGT,0.6852345684227783
VEZF1,0.6574135687087019
ATF3,0.9408160229193948
CNPY3,0.5505307927802743
UBTF,0.7692357494787924
IFI16,0.4936723020206572
RERE,0.5489455673074107
DBP,0.8680003626080011
SEBOX,0.7963835568391524
DYRK1B,0.797778941327436
CCNQ,0.7628291694415235
HOXB8,0.9451144075476127
DDX5,0.738865400607087
TCEAL8,0.4502387906081336
MNAT1,0.8774821500679203
MRTFB,0.6513010927385523
ORC2,0.7646308939864244
FLI1,0.5573903791578911
SAV1,0.863418249728985
ANAPC2,0.6333258110697907
ZNF180,0.34468485962901446
BNC2,0.42592542326168753
CUL1,0.580277653071794
ZNF678,0.34652007985836175
GABPB1,0.7302288499731414
HOXA13,0.7716158638779284
MTERF1,0.513124994860316
RNF8,0.773326958632648
ZDHHC19,0.5572037402231027
SF3A3,0.9320616010795357
ZNF697,0.553485919071764
CCAR1,0.7129018027247176
PAX4,0.6533234037431875
SMARCD3,0.687764343342785
ANKRD30A,0.42082305130725517
PPARGC1B,0.37230741166778897
LEF1,0.6252961349818972
ZNF415,0.39832337868722817
TEAD2,0.6372297059745347
ZNF627,0.3435271566606393
ZGPAT,0.5198980162093519
DAPK3,0.9087677202274976
ZNF766,0.2556552753403506
ZNF789,0.31583944869695013
ZNF554,0.33041103319649096
PRKAA1,0.6777836731124107
ZNF302,0.3212530587840084
FOXO3,0.8668148905160437
INPP5K,0.5508356940589089
PPID,0.9290521639698779
KAT8,0.8957285689548022
TIGD6,0.899350903770815
ZNF30,0.2626900422522324
ZNF80,0.5434266909397246
SPAG8,0.40641582677588156
BHLHB9,0.4165601776001964
ATF5,0.7690298284996651
RGS7,0.8072167223506729
KLHL13,0.43390763060420035
ZFP3,0.3457543712851318
FOXD3,0.8184359353381296
DR1,0.9539490926842991
GLI1,0.4963609561019345
MPRIP,0.5651213971097339
ELL2,0.7650387934843877
BAHD1,0.730363087451842
ID3,0.937780681257568
TEAD4,0.6111196483460316
ZNF621,0.5969278644264968
WWP1,0.8062364355727826
ZNF552,0.4198582857496184
ZNF850,0.35830513849180107
YBX2,0.5892152044317245
ZNF136,0.31510037132012136
MTDH,0.5797745301432308
ZNF304,0.2608906361159144
TFAM,0.774303236182453
FHIT,0.8489257369959525
ZNF169,0.5665240144404445
USP21,0.8700684696571093
RBL2,0.7046257361772138
VGLL3,0.6995066796452385
ATXN3L,0.0
RHOA,0.9419432290071614
ZNF691,0.37365224505534783
ARNT,0.5580929383970034
UTY,0.3673335072899278
PAX2,0.7483398071128182
ALX3,0.8465732703039202
LHX2,0.9241608681775022
BCL11B,0.5285681728734297
ZNF705E,0.5309884566055488
CREB3L4,0.5671918413101249
HOXA9,0.774949518943739
BTBD1,0.49320561849290656
SCRT2,0.836562562478177
TAF1B,0.7352450184420005
MAGEA2,0.31939560491675234
HIC2,0.7503356472319042
ERCC3,0.784483284566708
SOX12,0.8349459879780686
BRMS1L,0.8488430962276422
IFI27,0.3675955380466601
NR0B2,0.7648638305518952
ZNF616,0.40196105143411526
USF1,0.7998803478036177
ARIH2,0.9133903652902101
PRDM13,0.6861082974354976
WBP2,0.7168015560895933
FBP1,0.6588701166256763
TADA2A,0.9410156447772379
TRAK2,0.8395657500022036
SMAD7,0.7711435052619027
SKI,0.77992733224783
ZNF101,0.38742924525442746
ZNF385C,0.48886387651957997
ZNF333,0.43641427076198774
ZNF565,0.27581245665990517
KBTBD7,0.7645720203691689
ZNF888,0.36082643104874945
GTF3C3,0.7974635107014464
LBH,0.5777224150282878
TFE3,0.8964576536753767
EIF3K,0.6397005277372096
USP16,0.7765976034150582
ZNF708,0.40993444916040944
DUSP12,0.8355148226987956
LMNA,0.6599265211366118
ZNF383,0.43095702781763373
STRN3,0.6811803302198325
PARP12,0.485018363835018
HOXC10,0.9419026509877176
OSR2,0.6759735719458109
MBD1,0.5928092105541249
MAP2K3,0.6232019321098068
ZNF649,0.3780890014857327
POLR3F,0.9434467337789428
SUB1,0.9181535619465566
TRAF6,0.6016683018895607
GPBP1L1,0.8946253571819278
LANCL2,0.7891525338510422
TOE1,0.8165611172567768
ZKSCAN7,0.6000573731006685
HNRNPK,0.9556942150996126
ZMYM6,0.6371907997661908
DHRS7B,0.6403688695399515
GTF3A,0.8188560587576458
CIC,0.49510716736644106
MTF2,0.5860049171851013
BTF3,0.6978920300276958
ZNF783,0.5902533029382128
ZNF501,0.3946785575326476
ZNF37A,0.48060926583803354
SPIB,0.5559937930182991
PRAMEF11,0.3644480474918565
CAMK4,0.8742734170493386
ZNF165,0.7347086564580197
EXOC2,0.8830090564379011
FOXO3B,0.0
ZNF672,0.5443453429937211
MXI1,0.5616288604697497
RNF2,0.9560138125946332
MED12L,0.6743185512061695
ZNF440,0.33621338945678847
KLHL40,0.711708279920853
PUF60,0.4292924674914648
CTDSPL2,0.8214212697729243
HOXB2,0.7807444585888718
TCEAL2,0.5467881978833575
NRF1,0.9181811886514935
TRIM48,0.5044216583646937
TBX3,0.6673988784640549
NACA2,0.0
TADA3,0.928996146363022
NFIL3,0.8002861563252402
TWIST1,0.7809622625767167
ACTR6,0.9021055805931109
ABL1,0.5965090628554851
MYRF,0.5746495559612206
PKNOX1,0.9002240019309459
TRIM17,0.8148053278117112
RAX2,0.8806985442350007
MLLT10,0.7892504768461428
PLK3,0.7763311920443905
SMARCB1,0.6463781109377633
BCLAF1,0.6580828220704109
ASCL2,0.7813957989628512
VPS36,0.6877316674554931
ZNF428,0.8423714217926058
PAXIP1,0.5068388983954338
SAMD4B,0.8216493131135155
PEX2,0.879220367414523
IRAK1BP1,0.8395470529404805
ZNF586,0.22992911950501665
MAF1,0.7977085581559747
ZNF587B,0.3707529767478947
DRAP1,0.6557998593818607
ZNF569,0.36360821379979513
KRBOX1,0.6606584326904458
HIP1,0.5686970890370301
RBM14,0.9306377714934252
COMMD10,0.6767475923938309
TXNIP,0.5901608434392221
LITAF,0.8483235276345203
ZNF536,0.7449330641556801
ZNF704,0.7890877098459698
CRABP2,0.9318679127274225
ZXDA,0.3939774673666228
PLXNA1,0.5906383325951812
ZNF221,0.3195627228297746
SLC39A10,0.768162139040821
HOXA5,0.9502522876890528
RNF14,0.8825928955272606
CIR1,0.7654414065612015
MNX1,0.5042331167239457
MEF2C,0.6053106579513725
LGALS9,0.6498244054181127
CDKN1B,0.8463990758904267
CRK,0.949277798295687
SLC26A3,0.638534892637288
MAGED1,0.31739463628603654
POU3F3,0.663720644371444
HSF5,0.425407856066969
TBL1XR1,0.9178326225953904
PRAMEF2,0.44548703645158017
ZBTB7B,0.4317613093542196
TMEM121B,0.5601920536216409
BTAF1,0.7664679455807324
SNAPC5,0.7952912171132754
EGR2,0.6800420759724353
KLHL28,0.6382052204111367
FOXD4L1,0.5279659707909579
ZNF366,0.6580978132246459
NFILZ,0.595470740438001
AGAP2,0.5955883486528262
ZNF154,0.31012741930637266
PRAMEF20,0.4258071161744957
PRKCQ,0.5178146034185688
CAMTA2,0.38255870886570137
MINK1,0.607610679704777
ZNF530,0.2839439675185482
ZNF471,0.6142224316409736
ZIC1,0.9194341034069133
ZNF227,0.32797583693510934
LIMD1,0.684095231921755
ASCL4,0.6595488912441172
ZNF580,0.8779998174775576
ARRB2,0.6046865276624013
HIRA,0.8224793434749043
LPIN3,0.5959890320537592
EBF1,0.7335089127226607
TRIM26,0.8316064846399321
TBL1Y,0.5649867305615283
PRDM6,0.48991273937807495
CTDSP1,0.8232059057362308
MAD2L2,0.7850464700553094
PITX2,0.5701264632710497
SOX18,0.7015788834935921
ANKRD2,0.4114406594830955
CC2D1A,0.6506497542729422
TESC,0.7631866298253744
PRAMEF4,0.3703993207794197
PRAME,0.4339775971628863
EGR4,0.5409914199493936
SNAPC3,0.749399286130342
NPM2,0.7231956467335768
FOXI1,0.7427743582366122
AKAP9,0.4556386846032027
RIPPLY1,0.790893420676323
NR4A3,0.4072778839222691
HOXA3,0.6092155994599511
GTF2IRD1,0.6367375182675914
FOXB1,0.9351661039041759
LHX8,0.643930284799059
CARF,0.4898037607443722
NOC2L,0.5549310759295749
RAD21,0.8830902871372185
SSBP3,0.6098557427435308
EMX1,0.7577086138330862
MED31,0.9532630429531215
DZIP1L,0.7456942791820569
ZSCAN30,0.4907525225988943
ZNF735,0.4490245200391645
LZTS1,0.8102026183558931
CREBL2,0.9358935711865219
ZNF507,0.6406224144363748
ZNF805,0.6140507757172086
KAT6B,0.5835685336271093
KCNIP1,0.3801238504470307
DACH2,0.5889203944551843
TPR,0.8955458249498347
PRAMEF17,0.44369409889571537
SREBF2,0.6188202566415847
SCAI,0.678423880146029
HELT,0.6110168543218086
MSL3,0.5757289704324521
TPRX1,0.40144066334882267
PAX8,0.8066672986681827
ZNF446,0.6579434043838136
RNF4,0.8182291247313119
MIXL1,0.5099888020929532
ZNF674,0.45008404792267986
CCNT2,0.8116582356769397
MLLT3,0.6027580785937462
TFDP1,0.8603104612738876
ZNF419,0.20818856161738375
EYA3,0.6210382992660354
ZKSCAN1,0.5045747422889172
ZNF558,0.4613369859848602
MYF6,0.932172989763627
ZNF785,0.4048987615188178
ARID5B,0.5426022259254094
WTIP,0.5470281692161446
BTRC,0.5894501995996816
RBSN,0.8397325990580173
ZFP57,0.2831829456662384
EIF2AK2,0.4951415342919004
RBBP4,0.6229199132829789
TRIM11,0.8625589906489008
HDAC11,0.46854349563542264
ZMIZ1,0.5256735343085263
TRAFD1,0.837868166511737
ZNRF1,0.8479847125825201
DSCAM,0.5319660925468469
PPP1R13L,0.5615034151749433
CENPX,0.709975273085281
PSMC1,0.6651893712859052
CSDC2,0.8546807007089468
RNF25,0.8538703600555693
PHF1,0.8381181546511894
ZC3H10,0.8499402691465754
TCEAL4,0.42618724998391294
HOXB4,0.8922187071944903
KDM3B,0.49008227356462297
SALL3,0.3720585983980738
HMGXB4,0.7828113477292121
RB1CC1,0.863398666722812
CDC5L,0.9271342688145578
SETD1A,0.6397800702578461
PIAS1,0.6446461398626808
TBX5,0.668780014567196
AXIN1,0.8295579694513235
ZSCAN20,0.6811646074459875
TRIM69,0.8180037259887392
KCTD1,0.5534938040493206
TSC22D1,0.507803918488582
AR,0.4398622237947637
MED21,0.9358443337512978
KLF12,0.9231770898794185
SOHLH1,0.4541479609488955
PARP1,0.7652090305428293
NOC3L,0.8873895415374705
NAB2,0.8983443014830711
SIX2,0.9099613927762864
PSMD9,0.8593990771915501
LDOC1,0.9239885483063393
ZC3H3,0.6139908492049424
FOXC1,0.674277496511951
IQCN,0.2898781666587161
PLEK,0.9181700454787766
POU4F2,0.7439466527147036
ZBTB42,0.7240612250094836
FOXH1,0.6931911374506179
SPDEF,0.7468860231627844
IVNS1ABP,0.9359983883461229
ZMYND11,0.5858758307961447
PSMA6,0.6855738550669976
THRA,0.9166076024995023
RPS6KA3,0.6058766529654933
ZFAND6,0.7607478163770512
HDX,0.4398217388547798
NFE2L1,0.5020682249427063
INSM2,0.6561425293435074
NDUFA13,0.8559459387030974
ZNF329,0.37345475547376156
NCALD,0.8944731338774217
SAP30BP,0.7374697287619099
PBX3,0.7180187913424414
MAP3K7,0.873268489186211
DNMT3B,0.36485083419788716
ZNF287,0.6119620677384473
CHD9,0.5055803731301772
DOT1L,0.7159432894480309
ZNF268,0.6538985846217261
SERPIND1,0.7964085239570374
THAP4,0.6489579049341616
ATF6B,0.5966157110342931
ZNF653,0.7115142012842612
NUFIP2,0.5062765621573156
POLR2L,0.9469308197082864
FANCD2,0.7351666282737119
ZNF461,0.3404429857619152
HNRNPA2B1,0.6846561703142331
VAX2,0.8238569517879163
SETD3,0.8994964767927734
MEIS2,0.679596888395162
RIMS3,0.9029379510150397
CTDP1,0.47377268109081705
EED,0.5905148176120165
MED16,0.7055117221017103
WBP2NL,0.6844277556425259
KDM2B,0.40940283296347013
SERTAD1,0.4770817219901513
ILF3,0.8824313311765641
HOXC4,0.9627869082467199
PEG3,0.24314776090033235
NR2F2,0.9320141030765344
HSBP1,0.9225242604796073
MAPK11,0.8309222895458445
ETV1,0.4404317959858402
CDK12,0.6132790806312532
AGO2,0.7589575204404422
BTK,0.5604286698029998
MACROH2A2,0.7929089603766108
CSRNP3,0.5124380928803164
PLEK2,0.8494840756485789
RFX3,0.9303538105384908
BRDT,0.4135373981069186
UNCX,0.5743534731175298
CNOT1,0.7671054786500342
CORO1A,0.9105369905913676
TSG101,0.8517812491277041
ZNF548,0.24478184297149333
ARID4B,0.7053846626000192
MAFF,0.7191272560500149
INO80D,0.6632645074145733
PLEKHA4,0.7218146809933484
TCF15,0.8487852124425903
CCNC,0.955637404263566
GRHL3,0.5383447544208319
MAK,0.6731028869372805
ZNF664,0.9423431763709464
NCOA4,0.376078630482028
CENPF,0.6123946722339028
SRSF10,0.8271348277042732
SCML1,0.2782224421310153
ZNF200,0.718740878172568
CECR2,0.414447006089026
TAF9,0.9404150036338792
S100A9,0.6669183576360702
PRMT7,0.6446533761839638
EGLN3,0.9447974241418242
ZNF341,0.7020704537252995
ZNF517,0.36144149452250945
ABRA,0.7141146588010048
DPF3,0.6066923559468541
KHDRBS2,0.9375740159319536
MESP1,0.6598624814274582
BCL3,0.8299581147156466
LZTR1,0.8133827426828157
ETV7,0.46365865429817354
YAF2,0.76541132406151
POU6F1,0.6234005294614574
AKIRIN1,0.8225947941291742
RNF111,0.7973435701512467
MYB,0.7635804826564527
CDK5R1,0.9288747470986595
ADGRA1,0.4954197995542085
ZHX1,0.8557449510705717
CNOT7,0.9646737012114736
ZFP41,0.6710285626719902
NFIB,0.7642585210627176
CNOT10,0.6197773341346298
E4F1,0.4837724399160406
RFX5,0.6897749954179083
SORBS2,0.3237563812003313
SUPT5H,0.6443809329227651
MSANTD3,0.950069497417417
MED10,0.9393883291527905
E2F8,0.8189369290319987
HNRNPU,0.5158572727644101
THRSP,0.8383379223576793
NRG1,0.4286614550786138
BCL6B,0.8525402804340358
MED13L,0.7925134167932608
NCOA2,0.8869339743672512
ERN1,0.6452762357011833
ZNF662,0.4800935527339345
RPA2,0.36772654459475695
NUP35,0.5590921680236861
ZNF347,0.3217820402147485
RSF1,0.5181267683924895
CSRP3,0.8108236956344231
ZNF175,0.5399809818379173
PRMT1,0.4915703847459136
PICALM,0.7306492336812266
ZNF723,0.36228046897596805
PURB,0.6147769461576386
ZNF511,0.7853348297300038
ZNF813,0.33853725828760367
EID2B,0.7562707889875125
DNTTIP2,0.4367058298074426
ZNF793,0.5388179501475311
ADNP,0.5338538850923105
NKX2-1,0.8595821662094544
KLF9,0.9178357593990107
HINFP,0.7796087932763492
INO80B,0.8797933615811302
ZNF318,0.34255317764648663
SAFB,0.5500138385490143
JAZF1,0.9502987871554873
NUP85,0.5984581103834357
IKBKB,0.5363301256491777
TCEA1,0.7010082785865785
RHOXF1,0.2975722219628555
HLA-DQB1,0.5831743210094638
TGS1,0.5503490234017839
ZBTB44,0.9502283056173492
DUXA,0.5673395247197442
CHTOP,0.7457441005937513
DMRTC2,0.5743912301710711
LRRFIP2,0.583694247740985
EHMT2,0.45246102223209633
RPS6KA5,0.5816983232164247
CTNND2,0.432748576538812
MIER3,0.5772514761735118
KRTAP5-1,0.0
PRKCI,0.7812982554953996
TRIP6,0.6192914802912599
ZCCHC18,0.7599524159014579
ZNF44,0.2924653094548309
ZSCAN26,0.6430459720667502
GPATCH8,0.7003866877199517
MED27,0.8520389534316625
MSX2,0.879595580982839
NR2E3,0.5841797386559138
SIX4,0.4575430813648425
KLF14,0.7664376982166817
UBE2D3,0.4479364461082596
RCOR1,0.5666727114739144
LPXN,0.5109178202298509
SET,0.5112949588560265
BUD23,0.8439730493590375
THAP2,0.9313461146983618
NFKBIA,0.8459969608163298
ZNF467,0.6206497721466607
PER2,0.5812963487702336
ZNF488,0.3643384863357118
ZNF655,0.3873186915941448
COMMD1,0.8890293833013749
ZNF714,0.30057990428677667
TRIM6,0.42347598130919295
ZNF526,0.4586410497653116
MYCN,0.683771261676277
ZNF142,0.6540122753974414
PHF10,0.5950169924982147
TCF24,0.7489874285135155
NOTCH1,0.5393557614767248
SRA1,0.5897139272280577
HCFC1,0.6744723723101498
TGIF2LX,0.5426368087485197
ZNF579,0.6812241573586647
DYNLL1,0.9537314900955891
ZNF596,0.4115396120131622
ONECUT3,0.7505875508038415
ATXN3,0.6026045970302253
GTF2H1,0.9273864065224006
ZNF438,0.3069006344452935
SMARCC1,0.7992856621414409
SHOX2,0.6036143309691963
ZNF281,0.34829091644657073
HES6,0.65776297146599
TAF3,0.8281758547341402
ELF2,0.48789681961063486
JADE2,0.7766023546447764
IGHMBP2,0.7638382966944322
ATOH1,0.7270685554024635
SIRT3,0.4314456810799626
ZNF681,0.3249008565037297
HDAC6,0.5284306651005201
KIAA0040,0.6694752920692284
BCL9,0.7236435227200204
IRX6,0.7322090149543596
EHF,0.6101024775129248
RBAK,0.4317712688714597
TFEB,0.5076247528143396
ZBTB6,0.830476107528536
ZNFX1,0.617382268507484
KLF5,0.6244805247620372
ZNF770,0.6989920427954729
ZNF33B,0.5643184859204585
AURKB,0.5133969998542366
PSMD12,0.7162562204741872
NFKBIL1,0.7682436110728031
AHCTF1,0.37635914016624805
FOXE3,0.7165085285496079
NCOR1,0.48468374986005863
ZFAT,0.4426722747346971
MLXIPL,0.5462977865116809
LARP7,0.5190760228151815
CDCA7L,0.45100232545888563
PPARD,0.6289796801238537
PCBD1,0.8494890060667224
TIMELESS,0.7334544197015238
ZNF90,0.4659823506669368
COPS3,0.6692879992131797
E2F4,0.8376035334993769
ZNF20,0.2950501995716128
TAF13,0.8793344138151603
DTX2,0.6103645446524728
YY2,0.297953859639932
HDGFL2,0.6770712687758991
ELP2,0.5130931307046349
ANXA4,0.6537768395551438
FOXN3,0.8067347754192254
ZBTB20,0.6726595042647717
L3MBTL3,0.5584542384808505
ZNF484,0.261870003728207
HOMEZ,0.5350418445881937
BACH2,0.7093184006860672
HNRNPCL2,0.884183875602645
TLE6,0.2811042778619524
MED6,0.8405622229958217
BRD1,0.81609775915243
NKX6-1,0.8096064705954749
MEOX1,0.8638796334349925
ZNF718,0.39062929655906986
POLE3,0.9367137500024425
RB1,0.6188996120048215
ZNF747,0.5676407483436998
BAZ1B,0.815179934362408
MPND,0.6086031656366429
ZNF575,0.4808950825432138
VHL,0.7123983507764898
HMGB4,0.8386552848302021
ZBED1,0.6151089488812103
OAZ1,0.7007263618071957
ZNF3,0.29903709675522955
ZNF354A,0.4943332971655118
CTBP2,0.4613105086959795
YWHAB,0.9500035842038245
ASCC1,0.6630319318332514
CAMK2A,0.7426316223950175
CHD3,0.3835524756778462
BCAS3,0.5651479562152895
FUS,0.6534539408278754
FOXP4,0.46758624798896015
GTF2F2,0.9285140292878418
ZNF606,0.5875066224703975
TNKS,0.656114677611273
ATXN7L3,0.8083956348825119
N4BP2L2,0.38417069445846613
GRM6,0.548064237575429
PAWR,0.5799486477876316
GATA3,0.9063818541945
SRF,0.5364135227785108
ZBTB8A,0.8889789064407183
EVX1,0.8011816201136504
H1-3,0.8555918782289177
ZBTB48,0.8603858845831307
SOX1,0.7210093263812508
AFF1,0.37397947184855607
PBRM1,0.6796824820658975
ZNF48,0.5163651998615068
HIPK3,0.7676835418880386
STAT1,0.7948013287773685
IRF1,0.7982674489177571
ZSCAN5C,0.5263256694891545
ZMAT4,0.9121683903736747
GLIS2,0.8976882025411155
SFSWAP,0.7543733070470726
CUL4B,0.31461880123816405
TCF7L2,0.5746275462526989
ANKRD33,0.4506343030852857
TUT1,0.48976689540703044
DLX3,0.941308625228182
AKAP8L,0.599003520590702
TSHZ2,0.5008883479996095
ZNF17,0.24135984610831945
CBX6,0.6588805978860223
TULP4,0.7216503184230386
ZBTB17,0.5896226404795117
POU2F1,0.4653714458827568
KLF18,0.0
HMGB2,0.9073868307526043
ZNF573,0.3071577238132961
PYHIN1,0.4941065650028773
TRERF1,0.4707901917417926
ZNF117,0.3735866063075836
PML,0.5746962622986341
NPAS1,0.6545099150011934
PPRC1,0.46109082344345576
ZNF264,0.5868416192474509
CHD5,0.7970190230325114
CHMP1A,0.5978594993402093
ZNF600,0.23987529937059862
FOXP2,0.5143859207330839
MICALL1,0.5135425977656726
ZNF432,0.5018200237794628
MYRFL,0.6686405473080406
MAPK8,0.9494387404969229
CXXC4,0.6528489726730481
MZF1,0.669971385613311
THAP8,0.7408948424949955
GPS2,0.923433210061636
TP73,0.4663942898619394
HOXD11,0.7377955408212172
TNIP2,0.5810367879236429
BRD7,0.8575039465021845
ZNF148,0.9484227171345292
ZNF395,0.597931923240209
SP100,0.46850484927713776
DPY30,0.9592681017611585
DLX5,0.9212922995051693
TUT7,0.5914275502006874
LBX1,0.9058260862648688
TULP2,0.48548403720604333
POGK,0.7876105848361846
ZNF804B,0.5208165459614791
ZBTB11,0.73639679258578
CRY1,0.9205262572074577
MYPOP,0.6348322498050858
NFATC3,0.7990786795596477
JMJD6,0.8898452468075032
GATA5,0.6987663734376128
SP6,0.9045900465960737
SOX7,0.807865915008068
ZFR2,0.3923149079441676
FOXF2,0.5061737458723032
H1-5,0.7693056001464947
CALCOCO1,0.7353323518070896
PGR,0.5136750489871735
INSR,0.7557291762400431
ZCCHC12,0.7713733328489999
PHOX2A,0.852989379485898
TGFB1,0.7373432501906478
NR5A1,0.8220408021098462
ZMAT2,0.9544409071002297
IRF7,0.3428349096519521
TCF19,0.8060769206176428
KLF3,0.7923824525468778
RBM39,0.7464317393834126
MAML3,0.5204935210115115
DAXX,0.5140171021851114
ZNF799,0.31000192069122556
ZNF544,0.25008137874870656
ZNF846,0.2761419833997992
KAT2A,0.8502744206660187
ZFHX3,0.48001070318644945
ZNF776,0.3874755237500627
ELOB,0.6474824534299827
WAC,0.4863104690634631
LOXL3,0.6052758657503392
PYGO1,0.7643081552605765
TBX20,0.6047388207812441
ZNF253,0.30186254825867276
SSH2,0.41764348879292623
DHX36,0.44392652168338803
ELF4,0.7309647641850903
TAF5,0.7026940419038292
UCHL5,0.906078761419393
SFPQ,0.5332565828609197
PLSCR1,0.3157109074851502
CCDC85B,0.914283967690475
CENPJ,0.5384931284154078
ZNF687,0.5975894307509636
ATOH7,0.8187633108675316
SIRT5,0.7949950387053171
ACTL6B,0.8280546292836893
TENM2,0.4826556871198639
ZNF668,0.46862230220723466
ZNF729,0.35266801466979775
HABP4,0.5333714483949747
ZFP36L2,0.6677350256506259
ARID1A,0.42367278163537003
EID1,0.5734443868414166
NFX1,0.8198541350498232
TAF15,0.5655203431508558
ZNF26,0.7734963259629947
KLHL6,0.8502186540479104
EOMES,0.5643344300080163
TRIM52,0.6150267145584851
E2F2,0.6891997130052472
PKN1,0.49816756412410074
ZFP14,0.4888504783390277
ELP4,0.5618250977249817
SLC25A2,0.8275029084308989
NEUROG2,0.7695124047093556
ETS2,0.727209798925024
HIVEP3,0.6495853552214855
PTTG1,0.8536817372252967
NOL11,0.816688726332294
ZBTB26,0.9616573125203325
HOXC8,0.978664420077644
CPXCR1,0.5642701714961832
PCGF2,0.8152557990573575
PHB2,0.858775965997457
RBPMS,0.8910769439788622
GFI1B,0.6319790792634196
NR2C1,0.697414296130193
LARP1,0.4892157834638175
GRIP1,0.7403843913052492
CPSF4L,0.5544775822210973
TAF6L,0.8928049237095556
NR1D2,0.8693525667932145
COPS5,0.9476443446623561
KDM7A,0.8793127324014359
ZNF79,0.3376425714571687
DHX9,0.6413605740998426
MAX,0.621509832957045
SIN3A,0.8281580085110569
BBX,0.7248364802914934
HOXB9,0.933982470889971
FUBP3,0.8774642000559031
ADNP2,0.5869190862980643
FBN1,0.7283237085127853
ZBTB37,0.9336166460213164
FOXO4,0.5293476765002073
IL31RA,0.3154272318599009
FAM170A,0.5971569973092039
CTH,0.6591970672170648
FBXW11,0.5130315989942874
TIGD1,0.9456996640074525
SLC22A4,0.8663396756304936
PCSK6,0.5009445415119718
GZF1,0.5852120006166467
HEXIM2,0.5594061785068254
MRRF,0.5654520682127956
HNF4G,0.49162482993716794
PDPK1,0.40389161068480633
TAF9B,0.9281290581599765
RBBP9,0.7736068806677585
NONO,0.5990373704484527
SNAI2,0.9150529500272987
BLOC1S1,0.5395867601855044
KLHL14,0.6525153012993326
FOXD4,0.49135810362483456
H2AZ1,0.7616969547336785
CENPU,0.5091309475751139
LARP4B,0.6555276450601812
ATF2,0.5745888948229709
USE1,0.6669515612597455
ZNF414,0.7366056179461087
ID4,0.8477375770377389
ZNF626,0.42357275584006904
TEAD3,0.6866972352259979
HEY1,0.539853972326058
ERFL,0.8908377262377453
SMYD1,0.7831803420851886
TERB1,0.7317755702700611
EZH2,0.5568232428388915
LDB1,0.7158187144711742
ZNF131,0.7075245380958264
ZNF555,0.2687102620576993
CEBPG,0.8921937032194774
RCBTB1,0.9312829552152057
VGLL4,0.5276174096544634
ZNF808,0.29761475360857126
DUSP22,0.8941071023426077
LMO7,0.32248217337319385
ZNF738,0.3922393632750139
BRF1,0.5000171100215306
ZNF181,0.3945434563728878
PAX5,0.820075272564705
ALX4,0.661683980201105
SMARCD2,0.43117892087287774
PRNP,0.5439937675419063
ZNF679,0.33944875499431443
SF3A2,0.841511581502022
ZNF696,0.29967951509446256
AUTS2,0.5468666230586582
FOXL3,0.7932936817797607
TAX1BP1,0.7772766690402387
ZNF705B,0.5312681578208429
CREB3L3,0.5352189861902663
KMT5C,0.8270229120673844
LHX5,0.9379878666061424
FHL3,0.8922540916638513
ARNT2,0.6883826176950338
RC3H1,0.8608008763128214
DENND4A,0.641148852572744
POU5F1,0.7919285012562769
MBNL3,0.5625785073891338
BTBD6,0.4350089014370782
CBY1,0.5904956806008942
DNAJA3,0.8529837290168876
PPP2R3B,0.5481062498963865
NHLH2,0.9563172091066149
MKRN2,0.4339793098887815
NSD3,0.6841285882150226
NFKB2,0.7601769074802704
ZFP82,0.41735526612270274
SOX15,0.8331668152863642
PRAMEF9,0.37975401939185416
PLCB1,0.48053568710865724
WDHD1,0.5533617355671157
BHLHA9,0.6725516950541307
PLRG1,0.5533116263744806
HOXD1,0.6599940898602302
IKZF1,0.6833082537653314
ZNF275,0.4380069919974445
ZNF423,0.4951126813861945
PRDM14,0.5487719325442172
MDFI,0.7550310630371911
ZNF611,0.23980360448220098
ZNF750,0.7093110827524799
STK3,0.6754533908043941
GTF3C4,0.8271780897410147
ZNF860,0.0
ZNF562,0.24334467537475835
HMX1,0.6863800712252222
UNKL,0.7201089199055252
ZNF334,0.20784091037518182
PCBP1,0.9556633525983881
ZNF106,0.4587975350011699
ZNF385D,0.8862079190428754
MEN1,0.6733418734488948
OTX2,0.7216769880085865
ZNF384,0.6773496169201118
HBP1,0.9144163707300923
BOLA2,0.4687719679844096
CBFA2T2,0.4556487390397127
TCERG1L,0.46322077079739254
HSPA1B,0.8795616297089676
ZIM3,0.2740467362692914
ZNF493,0.24449919012702648
NKX1-1,0.6244140423155439
MBD6,0.6954935782472806
TTLL5,0.6953212869143154
PAXBP1,0.5954074610605171
RRN3,0.5706089363028977
PARP15,0.3458983505656191
KDM5A,0.8944094366177883
ERCC2,0.612429089476476
SOX13,0.6592416359827113
CSDE1,0.46701203342779296
TET1,0.4908601713907417
ZNF705D,0.5355706437072099
HELLS,0.5133989911964004
HTATSF1,0.7470082170414614
CCND1,0.9124370987413469
LHX3,0.4759901253398582
DNMT1,0.5024167977308575
TAF1C,0.38967931461519556
XPO1,0.5185845032780236
FHL5,0.899012096482244
TRIM72,0.9142737861304235
JDP2,0.6585425606980307
SHPRH,0.5843299671940321
ZNF382,0.24710037075880079
HSPH1,0.5435562649353063
URI1,0.4250727688151081
ZNF709,0.4590269293506308
PRKCZ,0.7783690022702515
DZIP1,0.506345451302677
ZNF839,0.3144265399520716
ARID3A,0.48033296034766415
MXD4,0.9287907686892368
HOXC11,0.8307633763131612
POLR3G,0.8648599117337106
SRY,0.42428686030365864
MAP2K2,0.9098542112377095
ZNF648,0.4339290059050655
ESRRB,0.5781481055090122
RNF113B,0.0
ZNF273,0.37294140009103083
SMAD6,0.651560064028918
PRDM12,0.9113468355306985
ZNF425,0.49952327663623186
PIK3R1,0.7937515026157413
UBE2V1,0.6045483117147217
ZNF564,0.42497923533805043
FEZF1,0.7108907676724464
GTF3C2,0.7992467030961299
ZNF100,0.30045653169219666
ZNF385B,0.4977162889028833
C20orf194,0.851209167368974
PA2G4,0.9499918785722539
IRF2BP1,0.8501639530948879
ZNF81,0.5108687684130673
ARC,0.9180357020895974
MECOM,0.49972793837071144
KLHL12,0.9175690854415703
ZFP2,0.3590336086226411
FOXD2,0.57728491050433
TFAP2A,0.6047721088416241
ATF4,0.5610667308881699
RGS6,0.6346496848851975
CENPS,0.7018453016258454
PPIE,0.8964360492784201
CREB1,0.7797205369678967
HCLS1,0.7293629060120841
HSFY1,0.7297931212917819
HMBOX1,0.9324870939046298
TIGD7,0.8544693385645383
NFXL1,0.4435041885828589
HNF4A,0.5960608779312918
LMO1,0.5923193674481703
VGLL2,0.6738951934258636
MAMSTR,0.4525813013784742
DVL1,0.7654331882456987
PROX1,0.9242222757539553
CRIP2,0.5193527268645353
UBE3A,0.35174902195373864
HPCAL1,0.942704074164344
TP53,0.46832513589606306
RRM2,0.34010951784203275
PAX3,0.9151419541482746
CHEK2,0.3133179579356453
PHRF1,0.3692020303596735
MYCBP2,0.5514440440339484
NKX3-2,0.8183382665253222
RALGAPA1,0.6397927560103391
CERS6,0.9048753533275967
ID2,0.9520283198856612
ZNF620,0.3361066950368445
FOXR2,0.7010836924766991
ELL3,0.6792152879185386
TAL2,0.8972679778503085
ENO1,0.8969968655587578
NUP98,0.6907283836112165
CENPBD1,0.8019289800291766
CEBPA,0.7927159593374364
ADAR,0.49664963267460166
SUMO2,0.8736157468541911
GBX1,0.6644735860294364
YBX3,0.5129271602180381
ZNF761,0.3733167976670879
ZNF835,0.42119473389128725
AKT1,0.7393483709794594
PRAMEF27,0.382321044069713
BRMS1,0.8585420767049053
FOXD4L6,0.5334920664959983
ZNF644,0.7443791224499184
KDM8,0.4507045399717956
ZNF429,0.3525370839751678
CAND1,0.957417431139111
ASCL3,0.6862479920219203
SART3,0.4908196144728932
KIAA1549,0.32630783715429035
HINT1,0.852542908419277
RBM15,0.5260174691283409
ZNF587,0.2893179162348237
ZNF568,0.263312974352769
KANK1,0.46204025076405725
POU3F2,0.7975969871754003
HSF4,0.70530385407325
PRDM1,0.3560769740561656
CDKN1C,0.5988620972697511
XRCC6,0.5118501835740833
TRIM21,0.7768071182690764
HPCA,0.9598489527103233
EGR3,0.6850113687076801
CCNA2,0.7155581831005682
SNAPC4,0.4982744567880186
ZBTB7C,0.7305718552382614
TP53INP1,0.8034348567977757
FOSL2,0.5678736270541703
YEATS4,0.9491895175941661
SUPT16H,0.9404221183287762
RARB,0.9435842482712716
KRBA2,0.3804456608455515
NRIP1,0.7483652505171983
AASS,0.8994777580791709
HOXA4,0.6903792586383845
RNF168,0.7124485890934164
RNF187,0.8370920752317426
WDR61,0.9471333653338645
ING1,0.5205434161860318
ZPR1,0.731794013271622
MEF2B,0.7151006486689637
IFRD1,0.6516798931387721
BASP1,0.658367448226326
SSBP4,0.6933572093260353
CDR2,0.8563714656365192
GSX2,0.7682256591546651
VSX1,0.6765401191350824
PRAMEF10,0.4486181038308694
EMSY,0.6126685601440188
MYOG,0.8769299740940579
RRP1B,0.6782209441812018
ZNF500,0.6300457267101376
SPIC,0.744860262561034
SLC2A4RG,0.4492111399521499
ZNF732,0.3510339750567718
ZNF441,0.35737784049618376
ZNF217,0.5203137533355326
OTP,0.9495727233699357
TAB1,0.9053045521600325
EYA4,0.5649940731799303
ZNF248,0.4188881355662559
CPEB1,0.36572480493047926
ZIK1,0.2221237487176575
ZNF782,0.4092199780810825
EN2,0.5681131970416222
ZNF512B,0.5676570616285376
CITED4,0.7661222832923161
MNDA,0.5123926895220502
HLF,0.9223476923172359
SETSIP,0.5705895233869872
RBM22,0.6470216181335682
TRIM16,0.5127134248356777
HESX1,0.8313501405594242
HR,0.683322246987234
HNF1B,0.7502924949538031
CEP290,0.6089669338175964
PSMC6,0.6954774700406495
RUNX1,0.6359470678031237
MLLT11,0.7886115210753303
FOXJ1,0.88488093752062
HOXB3,0.5937308858770952
FOXA1,0.7963429351521262
KLHL41,0.9352244704198255
MSC,0.7950910276359735
NR6A1,0.6135619674167476
TCEAL3,0.6037946792202548
BCL9L,0.5932038889432603
RPS14,0.9491760965805218
PLAG1,0.6701013906708213
KAT5,0.5598119683674921
TBX2,0.7399468493919911
THOC5,0.8225779662085869
RBM15B,0.524459802652053
SALL4,0.48930404735820315
TGIF2,0.9012857747678673
HMGXB3,0.466900500328793
TRIM49,0.5452273483323281
PHTF2,0.5479813190394536
FBXO5,0.45632770519133503
EYA2,0.6333634281886831
SMARCA1,0.698548425776652
ZNF418,0.23589839247902558
ZNF784,0.8036586402674296
MYBL1,0.8931644503259332
ZNF559,0.33447193458883645
CITED2,0.5755006327228317
ZNF350,0.4588496766467933
HMG20A,0.9444002381501657
DAB2,0.6932895120445701
ZNF506,0.3010538309154785
TCFL5,0.36871342657514994
RTF1,0.5921135553965525
GTF2A1,0.525592650159376
ZNF675,0.3461067317408227
STK36,0.7304407852659441
DCC,0.521251416713511
PAX9,0.8994933780777493
ZNF211,0.1971848710868131
PLXNB1,0.6432994462126769
XPA,0.7947342462398946
CRYM,0.8962284744562083
TCEAL5,0.6076103311137986
DMTF1,0.6446248469017117
HOXB5,0.9173093204311313
BRCA1,0.4300010286497411
RNF24,0.6993296563667457
TARDBP,0.9363479544965281
CELF3,0.841793933889754
NR3C2,0.6386644489418678
TBX4,0.48902268099695545
NUCKS1,0.9476077405118292
SALL2,0.46314944597330493
SENP1,0.7868859574102632
HDAC10,0.6142642493541492
BPTF,0.29361126281595057
RBBP5,0.943536659546294
DRGX,0.8547357502610778
TRIM10,0.8159220108323795
CDKN2B,0.6731019511275377
DDX20,0.7588868109270878
ANP32A,0.9378342320993442
CIZ1,0.36954902797114403
POU1F1,0.6986296678488196
PAK6,0.8109713657774621
RRP8,0.5478134059955114
DBX1,0.7510368759196663
CPHXL,0.467468479891483
CSNK2A1,0.7026339398550524
DMRTA2,0.8554440644463099
IRAK1,0.5207370139305051
ASCL5,0.8423147192213704
SNIP1,0.5648697727743468
ZC3H12B,0.7412699059903786
MID1,0.8368593955157047
DEK,0.5170045825114098
ZNF280A,0.45861041399727204
ZNF296,0.4635638789031017
HNRNPUL1,0.3778834079331507
ATF7IP2,0.5235891012449418
TDRD3,0.6748233571089534
LPIN2,0.6590771526643175
NDN,0.7539358983796931
ZNF581,0.6611825201104337
ZNF703,0.6223189033947003
WNT3A,0.9245250322377705
RFXAP,0.6154810484379556
ZNF367,0.7217217843310533
ZNF155,0.3281006384180725
TASOR,0.39599984805899774
ZNF226,0.3766569801908695
ZNF470,0.7122024185578556
RNF13,0.931806474187842
LHX9,0.5962121920242268
SIAH2,0.6194562569582659
AKAP8,0.5025071315630165
NR4A2,0.6702383549534614
HOXA2,0.8576500812680755
NLRP12,0.7196124042548097
MEF2D,0.701370565755562
ZSCAN31,0.641411138715668
NOD2,0.4825917920870098
TTC21B,0.8854048592881084
SSBP2,0.6822537519318349
MED30,0.8428138993005899
POU2AF1,0.9121208511714709
PITX3,0.9005049550266966
EFCAB6,0.3915381868606015
TOP1,0.7036760927859615
POU3F4,0.9013332079093933
HSF2,0.8577804466262108
TRIM27,0.9349990523286364
TBL1X,0.4451181082424427
DDX17,0.8743669050430442
PRDM7,0.5943775291352623
SNAPC2,0.6599030207271843
SKAP1,0.5245995707311369
NPM3,0.8521313327794448
YEATS2,0.6910963951128829
CCDC71,0.7433633259804032
PRAMEF5,0.4263936630268166
NCK1,0.7180594055334699
UBE2L3,0.554376885712276
CSRNP2,0.9059997912489147
TRIP13,0.8920966667761997
CDK13,0.5939677661372996
MIDEAS,0.5042890465961178
RFX2,0.5437795126327892
SFMBT2,0.6204461726469264
CLU,0.7584896835087702
ZNF780A,0.28389956277456363
ZNF74,0.40873780456774317
ZSCAN16,0.7768334285787094
ICE2,0.6859010583015244
TUB,0.4721172456393736
ILF2,0.6944940102950536
MED17,0.8422430910276046
MSANTD4,0.8801799305140604
UBR2,0.8166690863247045
PREB,0.705861871966997
MAPK10,0.560603175279301
HOXC5,0.9778903585576677
BRPF3,0.7186910587253323
ATMIN,0.480733949420032
TERF2,0.820802954682889
PLXNC1,0.5479184140085167
MIS18BP1,0.5004946644166502
TAF8,0.9231602717246344
S100A8,0.8356498206319368
ZFYVE26,0.5838052837399968
MDM4,0.5816001143529181
NCOA5,0.8632550790795299
ZNF665,0.2597254078469985
ZNF814,0.3791644577527044
ZNF516,0.5452061199308069
MLXIP,0.7072872859882294
ZNF724,0.3783958126669699
NMI,0.6522750886293187
DPF2,0.8323027800858922
KHDRBS3,0.9070780280764663
EGLN2,0.692123965886961
CD3D,0.6872737462308116
UBE2K,0.9752327413328562
PRMT6,0.8081125787944975
ACTN1,0.6340930571841151
APEX1,0.8429586947007256
DIDO1,0.5389365972879566
MAFG,0.9419268286492205
PHF20,0.8055921414521036
INO80E,0.8191555142413459
NKX2-6,0.5868935904691641
ZNF585B,0.5871594896737572
ZNF549,0.2854656739582027
ZNF408,0.6547250633895225
LYL1,0.8098190296489329
CREM,0.47061166329517756
OLIG1,0.7765268632867542
GRHL2,0.638512279714066
LMX1B,0.8451827639053408
POU4F3,0.9355720014411133
ZBTB43,0.9404749309671986
H1-8,0.41416251359074424
HAND2,0.9226097806687085
ZNF43,0.2852146568477937
TRIM37,0.6371427393099731
CDY2A,0.8947589760558187
CDX4,0.825581006724599
MED20,0.9320022783901486
NACC2,0.8114163753038682
SUPT6H,0.8928424987532765
GON4L,0.5674554272535282
BRWD3,0.8810429343764521
ZSCAN21,0.4448519438077052
TRIM68,0.8867256648088794
EWSR1,0.5801024676442358
GCM2,0.7734155885030107
WDR77,0.8891986988920588
SMURF1,0.7189054130594441
PELI1,0.9608203204018826
KLF13,0.6811737088909815
SSX7,0.4718913333579614
SIX3,0.6449099242480004
NPAT,0.5416877588686719
ZNF652,0.608399118028859
COMMD6,0.6569952675360705
HAX1,0.47506587304482273
PRR3,0.6629581114535607
ZNF460,0.2692050554988508
DEPDC7,0.5631811362442732
ZNF236,0.5591623339233691
ELK1,0.7475766118945749
JAK2,0.9218266441851074
THAP5,0.6031066597465325
PAGE4,0.4702513083276993
ZNF398,0.707899550021624
SETX,0.5223501501757213
ZNF823,0.3497685377781369
ZNF521,0.6753445950604546
SETD2,0.5185936572961747
ZNF713,0.28715600189725743
ALPK3,0.5230296910808169
MEIS3,0.503864691524093
ZNF8,0.44078333714655127
ARHGAP35,0.8847584938631741
PBX2,0.9253351482878536
TCF23,0.8089493425352676
FIZ1,0.4825100747536248
CHD8,0.6086788134763035
HEYL,0.890932647153113
PHIP,0.8292707129396105
CLOCK,0.8751754769204372
BARHL2,0.7290406279322991
ZFP28,0.48184572521231134
MED26,0.8552617526124237
KDM1B,0.7041546253702886
PRKD1,0.5623827033835843
CDR2L,0.8698566667111174
CNBP,0.5785277296099269
RASD1,0.925725476332349
UBE2D2,0.6470852482517065
GATAD2B,0.7811529103494932
ZC3H4,0.6663394386530294
SYK,0.7053773412049845
SSX1,0.5078816477366007
SIX5,0.6771754256422344
KLF15,0.8295000439750903
RPS6KA4,0.7840661806025019
HMOX1,0.8050569688800662
ISL2,0.9274575792741504
BEND3,0.7566507566588425
ZBTB45,0.6362806819366128
TRIM31,0.7166097513749696
IRF2BPL,0.768884645515078
ZNF45,0.47274122934071167
MIER2,0.7610829796673226
CDX2,0.8659977712247997
RCVRN,0.9261234583671213
ZNF578,0.2778796268879317
TGIF2LY,0.5655394305789941
HOXB13,0.6720644759270844
RUVBL2,0.9278821209128978
BAG1,0.3836258966735573
ZNF597,0.42026516332202096
RIN3,0.4631114180007463
PBX4,0.4750760418763603
TCF25,0.6600122468583982
TFAP4,0.9193593061367811
MACF1,0.3720236741061738
PFDN5,0.7997537825780603
CDIP1,0.7876150544091252
ONECUT2,0.6296640633975672
ATXN2,0.34458790918616494
ZNF439,0.3068800762350217
PER3,0.27798651022409215
NUP133,0.8558668667252276
ZNF654,0.6027056462313859
MAPK3,0.473953510628064
CCDC88A,0.7226170545853338
THAP3,0.7788728102824147
FLYWCH1,0.5015016955311206
ZNF230,0.389797548877748
DEPDC1,0.7693949965686889
ZNF143,0.5770765226332112
MBD3L1,0.6722137363474716
ASF1A,0.965370110663978
MYO6,0.8633224510429954
LIN54,0.7763085684854467
SETD4,0.5413778168248925
ZNF527,0.4159839847682757
SAP18,0.6848750973449453
HLX,0.6786695462352503
ZSCAN10,0.3873713465544038
SORBS3,0.5912878947656031
MED11,0.9236846735936065
EDRF1,0.6430539112606605
UBR4,0.7588678560116531
FEV,0.8913810161954684
AEBP2,0.48453718058489786
CRTC2,0.7498012327541148
FOXK1,0.5100453270904595
MYC,0.5125399098650963
ETV6,0.8910836503808052
KMT2A,0.46816786698492563
ZZZ3,0.8844290021489427
NFIC,0.5570208633024234
CNOT6,0.9389867978117306
METTL3,0.9428014172904458
PEX14,0.9174946895467186
RFX4,0.5206527056772033
CNOT11,0.5348608201981533
MORF4L2,0.9272991195090173
INO80C,0.7390906205145543
KLF8,0.8607337830582932
TCF12,0.8481096326150623
ZNF319,0.6430745434325201
MAFA,0.723304345482405
ZNF792,0.23139540770053468
BTG2,0.6960557255337039
RIOX1,0.5146048497128324
SAP30L,0.8473551216485319
SIM2,0.8643863239800142
MDM2,0.40576351581159686
DMRT1,0.5636025766103998
ZNF207,0.5079532430223705
RGCC,0.8941623832731814
ZNF451,0.6217908315526087
CENPA,0.6335188112379172
NCOA3,0.5507600286393127
ZNF510,0.29793379304005535
ZNF346,0.6404719175803885
ZNF518B,0.6459720951284232
CSRP2,0.7753859682499192
ZNF174,0.6509508254213108
ZNF2,0.2902477012033002
ZNF322,0.9204291805069997
ZNF746,0.6259541587829227
ZNF574,0.4540504048286789
GLMP,0.5343981767202542
RHOXF2B,0.3678005251513363
TBX10,0.8116898763707153
SF1,0.5842362764800628
ZNF607,0.32588764026825573
RNASEL,0.7082804392276976
CTCF,0.9388454170319881
ZNF263,0.808522570739012
KIN,0.92295998451476
MAPK8IP1,0.4709093834677826
CHD2,0.8688374559842351
TCF7,0.6397930564730334
TTF1,0.4788767437307356
GSK3B,0.8900682256307931
RBMXL1,0.0
TLE7,0.6826130458642561
LEO1,0.6546322541190369
ZNF485,0.32489716278312264
ZNF658,0.48211573700346105
STON1,0.7393148809322433
FARSA,0.5528837957059688
ZNF829,0.27708106824215784
PDX1,0.6937565869659751
SUZ12,0.5890731249735393
FAM83G,0.6630374346864213
CDK1,0.8079785494305655
CRX,0.87063716974323
MED7,0.9468458898755809
TRIM62,0.9437712958116026
SNW1,0.9021692695780172
CBX7,0.8111151845882452
CUX1,0.49149555461220235
RAX,0.7467492622677073
TSHZ3,0.7489081950946677
ZNF16,0.6540325273400666
POLR3GL,0.8068911536823119
DLX2,0.6969813033789504
UHRF1,0.33192835210512245
NFATC4,0.33537520116555836
NEUROD2,0.8311586376886365
ZC3H8,0.5361615810515704
CHUK,0.9300156130220246
STOX1,0.4558920263529241
CCNE1,0.4727692461148496
RGS11,0.5030682503851921
ZBTB16,0.7980872931824463
ZBTB49,0.662109809073733
H1-2,0.8477541687618779
SP1,0.4447211756487616
THRAP3,0.8151288744167957
GATA2,0.7961661586602914
THAP12,0.5628634632219803
TAF5L,0.8954952193171892
SPZ1,0.6213552112193513
ZSCAN5B,0.4986723405375764
ZMAT5,0.9171083235633385
GLIS3,0.5046545750319135
MTPN,0.9621146438358033
HIPK2,0.6465316260146416
KDM4A,0.6925790745959599
STAT5B,0.8964788773913225
ZFHX4,0.5223328024425616
ZNF771,0.7830886161025041
HMGA2,0.9058618118698001
ZNF841,0.3089472957219347
ZNF543,0.35745494560846663
CDC6,0.764749239376764
KLF4,0.6314021521578327
GPBP1,0.546083423838202
ZNF254,0.27909699681084094
CCNH,0.9359851189741023
WWOX,0.8912156852604542
ZNF630,0.4584971274902629
ZSCAN1,0.7017928330006453
EPC1,0.6299669028706356
JADE3,0.75195740911452
PRRX2,0.5546065141252062
ZNF680,0.44848100672745106
SIRT2,0.45419299786528894
HES7,0.7886301589902194
SAMD11,0.455970242747086
ELF3,0.6974527571501626
TAF2,0.6032786844551927
EAF1,0.8037487318544397
HP1BP3,0.8697855055048946
GMEB1,0.663925362862066
TFEC,0.4546612629498254
ZNF197,0.7231221870768931
RPRD1A,0.6977638521854926
TBPL1,0.9602355999350516
HDAC7,0.3722374292376972
NCL,0.49862685502413034
PHF21A,0.7320237445981517
SHOX,0.6555110521461248
E2F5,0.7152873400680777
YOD1,0.5423496400128894
KLHL1,0.4982421898534575
ESR2,0.8339517447100349
TAF12,0.7176394005047146
RIOK2,0.8962915906005611
APTX,0.522701266345274
HSFX1,0.45842408284847735
CASP8AP2,0.5995106575990374
ARL2BP,0.9039408249064017
L3MBTL2,0.61162823234802
CTCFL,0.34153809202830465
FOXN2,0.5702692266695499
ZBTB21,0.6497529899976657
HDGFL3,0.9515246799248396
ELP3,0.4716189024625157
SAFB2,0.6092132023055515
ZC3H7B,0.7676503925432255
LARP6,0.771136045100179
LGR4,0.6488210317097888
PACS2,0.510241946621664
PCGF5,0.9614634713772532
SUPT4H1,0.5683028238991435
DNAJC2,0.8677281504782519
COPS2,0.6542321652617976
ZFPM2,0.6634782115401324
ZNF91,0.35663070716431544
RFX8,0.47248285437703635
RXRA,0.6227334839388431
FGF2,0.5204468425491956
ZNF669,0.31882070161189274
PREX2,0.8953760124398781
TAF4,0.45174787785768844
ELF5,0.5378039442013981
HES1,0.8833678040438809
PLAGL2,0.9340767438885321
IRX1,0.7584859339961296
ZNF728,0.33993966381054624
RBM5,0.9211815733409658
NELFA,0.51992971734322
HDAC1,0.9402268485515453
GMCL1,0.8395954421035269
FGFR1,0.41212991027553586
FEM1A,0.7654419357282239
BAZ2B,0.5524876873387796
ZNF777,0.7903227460257454
ZFHX2,0.5745710116246339
ZNF121,0.27933697877482233
KLF2,0.638584883623696
MAML2,0.42912356601986423
MAFK,0.9186605268205243
SS18L2,0.930487841378682
SCAND1,0.6787425997971409
ZBTB1,0.8715880603565245
ZNF75A,0.5852184659259684
SSH3,0.6828490771227508
GTF2E2,0.8452642565559053
ELOC,0.7025590590957388
MAF,0.7794471761498989
TBX21,0.752051485112335
CARM1,0.6464619626049344
LOXL2,0.7215655580321746
ZNF404,0.3812292130993147
DDX39B,0.9191022577517858
PPP1R12A,0.6647182534521942
MKX,0.8141295897857959
PCGF3,0.925500642110099
PRPF6,0.9119503574610488
TP53BP2,0.5154088951424993
BCL10,0.8095565069470807
COPS4,0.89755548938269
NAA15,0.8370665730287149
ADAMTS17,0.6442628781844408
RXRG,0.8895610090476178
RORA,0.3897830692658723
TBP,0.5154304566392645
XRN2,0.8986789666256725
CAVIN1,0.7751056422770506
CTNNB1,0.4794012858961077
E2F3,0.6071685378008784
FOXN4,0.6700117962189938
PCNA,0.9480202470171885
RGS20,0.40868959780711334
CALR,0.7163475274700645
L3MBTL4,0.8373507869187974
HOXC9,0.9648109978414151
SGSM2,0.7267160553358744
NEUROG3,0.8210774919484756
BARX2,0.8450398180677584
HIVEP2,0.6733387591374665
TLE1,0.8898983580514758
THAP9,0.8892512682222127
HLTF,0.6864927241431109
CCDC124,0.9181809285302641
VPS72,0.932891445655483
RAI1,0.4085894064389041
MAPK9,0.8402328728167087
CXXC5,0.6697052515320687
ZNF483,0.4497762123633144
POLR2A,0.904366089133903
POLE4,0.7571234966123753
MTA1,0.692613876931522
TOB2,0.8467281367415911
MED1,0.864793835420569
CDK11A,0.4726794684733143
HOXD10,0.9777544647281851
PHB,0.7661711892466775
ZNF394,0.3921304545114118
SNCA,0.8089385502152062
UBA52,0.9404048830057762
NFYA,0.688949758157584
CDK7,0.7820625479386352
MAEL,0.53922168883669
NIBAN2,0.5775076873403829
ZNF324,0.6042497210416159
UTF1,0.5466041353442617
ZNF572,0.6930748369632168
TEF,0.6898037623739403
HMGB3,0.8975908784682763
ZBED6,0.6950287616536043
ZNF740,0.9614805063199222
CIAO1,0.927953803145316
FOXP3,0.47770162628020124
ZNF433,0.2509836085178956
CHD4,0.7258182337263875
AJUBA,0.7930904244201873
PNRC2,0.8371604719120019
FOSB,0.5700623298607379
SP7,0.6415340287986633
SOX6,0.6241018747706712
H1-4,0.8893211618617028
TLX1,0.6167995992061042
PRR12,0.47966944046734417
SUPT20HL2,0.510324978119723
GATA4,0.6784925097092903
NLRP3,0.539424887447028
ZMAT3,0.8465674274841511
IRF6,0.8464546694524631
PRKCB,0.9009740367667555
ZFP92,0.5814086901984967
TOX,0.8659380737759953
PDCD4,0.6481800119881024
STAT6,0.6201246195269446
ZNF10,0.6528213629137462
CBX1,0.950395748193655
DDX54,0.7856673123748159
TULP3,0.5822512236949015
CROCC,0.5821741916946094
DLX4,0.5458669511891757
NEUROD4,0.6334787794434162
CASK,0.6177103039353584
NFATC2,0.43940613930404715
ZBTB10,0.36934397447768497
CTR9,0.9070860277562556
TRRAP,0.539629513655392
BBS7,0.9022871667172364
